<?xml version="1.0" ?>
<document id="10633131">
  <sentence id="10633131.s0" text="Previously, the combination of hypoparathyroidism, deafness, and renal dysplasia has been proposed to represent a specific syndrome (negative regulation of epithelial cell proliferation 146255) under the acronym negative regulation of mammary gland epithelial cell proliferation.">
    <entity charOffset="31-49" id="10633131.s0.e0" ontology_id="HP_0000829" text="hypoparathyroidism" type="HP"/>
    <entity charOffset="51-59" id="10633131.s0.e1" ontology_id="HP_0000365" text="deafness" type="HP"/>
    <entity charOffset="65-80" id="10633131.s0.e2" ontology_id="HP_0000110" text="renal dysplasia" type="HP"/>
    <entity charOffset="133-185" id="10633131.s0.e3" ontology_id="GO_0050680" text="negative regulation of epithelial cell proliferation" type="GO"/>
    <entity charOffset="212-278" id="10633131.s0.e4" ontology_id="GO_0033600" text="negative regulation of mammary gland epithelial cell proliferation" type="GO"/>
    <pair e1="10633131.s0.e0" e2="10633131.s0.e4" id="10633131.s0.p0" relation="true"/>
    <pair e1="10633131.s0.e2" e2="10633131.s0.e4" id="10633131.s0.p1" relation="true"/>
  </sentence>
  <sentence id="10633131.s1" text="Hemizygosity of the distal region, designated negative regulation of mammary gland epithelial cell proliferation1, can cause hypoparathyroidism and in addition sensorineuronal deafness and renal dysplasia/insufficiency or a subset of this triad">
    <entity charOffset="46-112" id="10633131.s1.e0" ontology_id="GO_0033600" text="negative regulation of mammary gland epithelial cell proliferation" type="GO"/>
    <entity charOffset="189-204" id="10633131.s1.e1" ontology_id="HP_0000110" text="renal dysplasia" type="HP"/>
    <pair e1="10633131.s1.e0" e2="10633131.s1.e1" id="10633131.s1.p0" relation="true"/>
  </sentence>
</document>
