<?xml version="1.0" ?>
<document id="16960806">
  <sentence id="16960806.s0" text="Genetic analysis of a large Indian family with an autosomal dominant cataract phenotype allowed us to identify a novel cataract gene, visual perception.">
    <entity charOffset="69-77" id="16960806.s0.e0" ontology_id="HP_0000518" text="cataract" type="HP"/>
    <entity charOffset="134-151" id="16960806.s0.e1" ontology_id="GO_0007601" text="visual perception" type="GO"/>
    <pair e1="16960806.s0.e0" e2="16960806.s0.e1" id="16960806.s0.p0" relation="true"/>
  </sentence>
  <sentence id="16960806.s1" text="Considering that CRYBA4 associates with visual perception and that the latter protein has been implicated in microphthalmia, mutational analysis of CRYBA4 was performed in 32 patients affected with microphthalmia (small eye).">
    <entity charOffset="40-57" id="16960806.s1.e0" ontology_id="GO_0007601" text="visual perception" type="GO"/>
    <entity charOffset="109-123" id="16960806.s1.e1" ontology_id="HP_0000568" text="microphthalmia" type="HP"/>
    <pair e1="16960806.s1.e0" e2="16960806.s1.e1" id="16960806.s1.p0" relation="true"/>
  </sentence>
  <sentence id="16960806.s2" text="This is the first report linking mutations in visual perception to cataractogenesis and microphthalmia">
    <entity charOffset="46-63" id="16960806.s2.e0" ontology_id="GO_0007601" text="visual perception" type="GO"/>
    <entity charOffset="67-75" id="16960806.s2.e1" ontology_id="HP_0000518" text="cataract" type="HP"/>
    <pair e1="16960806.s2.e0" e2="16960806.s2.e1" id="16960806.s2.p0" relation="true"/>
  </sentence>
</document>
