<?xml version="1.0" ?>
<document id="17143510">
  <sentence id="17143510.s0" text="The lack of good molecular markers for diagnosis as well as treatment assessment has rendered the hepatocellular carcinoma (phosphatidylinositol phosphorylation) a major challenge in health care.">
    <entity charOffset="98-122" id="17143510.s0.e0" ontology_id="HP_0001402" text="hepatocellular carcinoma" type="HP"/>
    <entity charOffset="124-160" id="17143510.s0.e1" ontology_id="GO_0046854" text="phosphatidylinositol phosphorylation" type="GO"/>
  </sentence>
  <sentence id="17143510.s1" text="An analysis approach combing supervised significant analysis of microarray (SAM), prediction analysis of microarray (protein ubiquitination), and unsupervised hierarchical cluster methodologies statistically determined 211 upregulated and 78 downregulated genes between liver cancer and non-cancer liver tissues, and demonstrated &amp;gt; or = 93% accuracy in classifying the tissue samples.">
    <entity charOffset="117-139" id="17143510.s1.e0" ontology_id="GO_0016567" text="protein ubiquitination" type="GO"/>
    <entity charOffset="276-282" id="17143510.s1.e1" ontology_id="HP_0002664" text="cancer" type="HP"/>
    <pair e1="17143510.s1.e0" e2="17143510.s1.e1" id="17143510.s1.p0" relation="true"/>
  </sentence>
  <sentence id="17143510.s2" text="Numerous genes found in this study were also differentially expressed in human phosphatidylinositol phosphorylation and many other human cancers including breast, prostate and lung cancers, etc., serving as tumor suppressors, promoters, prognostic markers or chemotherapy targets.">
    <entity charOffset="79-115" id="17143510.s2.e0" ontology_id="GO_0046854" text="phosphatidylinositol phosphorylation" type="GO"/>
    <entity charOffset="137-143" id="17143510.s2.e1" ontology_id="HP_0002664" text="cancer" type="HP"/>
    <pair e1="17143510.s2.e0" e2="17143510.s2.e1" id="17143510.s2.p0" relation="true"/>
  </sentence>
</document>
