<?xml version="1.0" ?>
<document id="17616665">
  <sentence id="17616665.s0" text="The signaling of DNA damage and replication stress involves a multitude of proteins, including the kinases ataxia-telangiectasia mutated (protein phosphorylation) and ATM and Rad3-related (actin cytoskeleton reorganization), and proteins with double-strand break repair via homologous recombination COOH-terminal (BRCT) domains.">
    <entity charOffset="107-113" id="17616665.s0.e0" ontology_id="HP_0001251" text="ataxia" type="HP"/>
    <entity charOffset="138-161" id="17616665.s0.e1" ontology_id="GO_0006468" text="protein phosphorylation" type="GO"/>
    <entity charOffset="189-222" id="17616665.s0.e2" ontology_id="GO_0031532" text="actin cytoskeleton reorganization" type="GO"/>
    <entity charOffset="243-298" id="17616665.s0.e3" ontology_id="GO_0000724" text="double-strand break repair via homologous recombination" type="GO"/>
    <pair e1="17616665.s0.e0" e2="17616665.s0.e2" id="17616665.s0.p0" relation="true"/>
    <pair e1="17616665.s0.e0" e2="17616665.s0.e3" id="17616665.s0.p1" relation="true"/>
  </sentence>
</document>
