<?xml version="1.0" ?>
<document id="19334086">
  <sentence id="19334086.s0" text="Treacher Collins syndrome (regulation of translation, OMIM 154500) is a well-defined mandibulofacial dysostosis characterized by symmetric facial anomalies consisting of malar hypoplasia, coloboma of the lower eyelid, dysplastic ears, micrognathia, cleft palate and deafness.">
    <entity charOffset="27-52" id="19334086.s0.e0" ontology_id="GO_0006417" text="regulation of translation" type="GO"/>
    <entity charOffset="85-111" id="19334086.s0.e1" ontology_id="HP_0005321" text="mandibulofacial dysostosis" type="HP"/>
    <entity charOffset="170-186" id="19334086.s0.e2" ontology_id="HP_0000272" text="malar hypoplasia" type="HP"/>
    <entity charOffset="218-233" id="19334086.s0.e3" ontology_id="HP_0000377" text="dysplastic ears" type="HP"/>
    <entity charOffset="266-274" id="19334086.s0.e4" ontology_id="HP_0000365" text="deafness" type="HP"/>
    <pair e1="19334086.s0.e0" e2="19334086.s0.e2" id="19334086.s0.p0" relation="true"/>
    <pair e1="19334086.s0.e0" e2="19334086.s0.e4" id="19334086.s0.p1" relation="true"/>
  </sentence>
  <sentence id="19334086.s1" text="Here we describe three unrelated patients showing clinical features overlapping with regulation of translation, but who in addition have developmental delay, microcephaly and a distinct facial gestalt.">
    <entity charOffset="85-110" id="19334086.s1.e0" ontology_id="GO_0006417" text="regulation of translation" type="GO"/>
    <entity charOffset="158-170" id="19334086.s1.e1" ontology_id="HP_0000252" text="microcephaly" type="HP"/>
    <pair e1="19334086.s1.e0" e2="19334086.s1.e1" id="19334086.s1.p0" relation="true"/>
  </sentence>
  <sentence id="19334086.s2" text="Because of the distinct ear anomalies and the hearing loss a cell fate determination mutation was taken into account.">
    <entity charOffset="46-58" id="19334086.s2.e0" ontology_id="HP_0000365" text="hearing loss" type="HP"/>
    <entity charOffset="61-84" id="19334086.s2.e1" ontology_id="GO_0001709" text="cell fate determination" type="GO"/>
    <pair e1="19334086.s2.e0" e2="19334086.s2.e1" id="19334086.s2.p0" relation="true"/>
  </sentence>
</document>
