<?xml version="1.0" ?>
<document id="21607584">
  <sentence id="21607584.s0" text="In gene-level analyses, CDC25C, SCC1/RAD21, regulation of chromatin assembly or disassembly, and cellular response to DNA damage stimulus were associated (P &amp;lt; 0.05) with overall breast cancer risk, positive regulation of chromosome segregation, protein K11-linked ubiquitination, protein sumoylation, Ras protein signal transduction, mitotic spindle organization, and sensory perception of sound were associated with high grade breast cancer risk, and gene silencing by miRNA and response to radiation were associated with both.">
    <entity charOffset="44-91" id="21607584.s0.e0" ontology_id="GO_0001672" text="regulation of chromatin assembly or disassembly" type="GO"/>
    <entity charOffset="97-137" id="21607584.s0.e1" ontology_id="GO_0006974" text="cellular response to DNA damage stimulus" type="GO"/>
    <entity charOffset="188-194" id="21607584.s0.e2" ontology_id="HP_0002664" text="cancer" type="HP"/>
    <entity charOffset="201-246" id="21607584.s0.e3" ontology_id="GO_0051984" text="positive regulation of chromosome segregation" type="GO"/>
    <entity charOffset="248-281" id="21607584.s0.e4" ontology_id="GO_0070979" text="protein K11-linked ubiquitination" type="GO"/>
    <entity charOffset="283-302" id="21607584.s0.e5" ontology_id="GO_0016925" text="protein sumoylation" type="GO"/>
    <entity charOffset="304-335" id="21607584.s0.e6" ontology_id="GO_0007265" text="Ras protein signal transduction" type="GO"/>
    <entity charOffset="337-365" id="21607584.s0.e7" ontology_id="GO_0007052" text="mitotic spindle organization" type="GO"/>
    <entity charOffset="371-398" id="21607584.s0.e8" ontology_id="GO_0007605" text="sensory perception of sound" type="GO"/>
    <entity charOffset="455-478" id="21607584.s0.e9" ontology_id="GO_0035195" text="gene silencing by miRNA" type="GO"/>
    <entity charOffset="483-504" id="21607584.s0.e10" ontology_id="GO_0009314" text="response to radiation" type="GO"/>
    <pair e1="21607584.s0.e0" e2="21607584.s0.e2" id="21607584.s0.p0" relation="true"/>
    <pair e1="21607584.s0.e1" e2="21607584.s0.e2" id="21607584.s0.p1" relation="false"/>
    <pair e1="21607584.s0.e2" e2="21607584.s0.e3" id="21607584.s0.p2" relation="true"/>
    <pair e1="21607584.s0.e2" e2="21607584.s0.e4" id="21607584.s0.p3" relation="true"/>
    <pair e1="21607584.s0.e2" e2="21607584.s0.e5" id="21607584.s0.p4" relation="true"/>
    <pair e1="21607584.s0.e2" e2="21607584.s0.e6" id="21607584.s0.p5" relation="true"/>
    <pair e1="21607584.s0.e2" e2="21607584.s0.e7" id="21607584.s0.p6" relation="true"/>
    <pair e1="21607584.s0.e2" e2="21607584.s0.e8" id="21607584.s0.p7" relation="true"/>
    <pair e1="21607584.s0.e2" e2="21607584.s0.e9" id="21607584.s0.p8" relation="true"/>
    <pair e1="21607584.s0.e2" e2="21607584.s0.e10" id="21607584.s0.p9" relation="true"/>
  </sentence>
</document>
