<?xml version="1.0" ?>
<document id="21643982">
  <sentence id="21643982.s0" text="To understand the importance of chr11q22.3-23.2 region in the development of cervical cancer, we have studied the genetic and epigenetic alterations of the candidate genes protein phosphorylation, apoptotic process involved in morphogenesis, tricarboxylic acid cycle and T cell mediated cytotoxicity in cervical intraepithelial neoplasia (CIN) and cervical carcinoma (CACX) samples.">
    <entity charOffset="86-92" id="21643982.s0.e0" ontology_id="HP_0002664" text="cancer" type="HP"/>
    <entity charOffset="172-195" id="21643982.s0.e1" ontology_id="GO_0006468" text="protein phosphorylation" type="GO"/>
    <entity charOffset="197-240" id="21643982.s0.e2" ontology_id="GO_0060561" text="apoptotic process involved in morphogenesis" type="GO"/>
    <entity charOffset="242-266" id="21643982.s0.e3" ontology_id="GO_0006099" text="tricarboxylic acid cycle" type="GO"/>
    <entity charOffset="271-299" id="21643982.s0.e4" ontology_id="GO_0001913" text="T cell mediated cytotoxicity" type="GO"/>
    <entity charOffset="328-337" id="21643982.s0.e5" ontology_id="HP_0002664" text="neoplasia" type="HP"/>
    <pair e1="21643982.s0.e0" e2="21643982.s0.e1" id="21643982.s0.p0" relation="true"/>
    <pair e1="21643982.s0.e0" e2="21643982.s0.e2" id="21643982.s0.p1" relation="true"/>
    <pair e1="21643982.s0.e0" e2="21643982.s0.e4" id="21643982.s0.p2" relation="true"/>
    <pair e1="21643982.s0.e3" e2="21643982.s0.e5" id="21643982.s0.p3" relation="true"/>
  </sentence>
  <sentence id="21643982.s1" text="The alterations of protein phosphorylation and CADM1 are associated with the progression of tumor from CIN to Stage I/II, thus implying their role in early invasiveness.">
    <entity charOffset="19-42" id="21643982.s1.e0" ontology_id="GO_0006468" text="protein phosphorylation" type="GO"/>
    <entity charOffset="92-97" id="21643982.s1.e1" ontology_id="HP_0002664" text="tumor" type="HP"/>
    <pair e1="21643982.s1.e0" e2="21643982.s1.e1" id="21643982.s1.p0" relation="true"/>
  </sentence>
</document>
