<?xml version="1.0" ?>
<document id="22261332">
  <sentence id="22261332.s0" text="mitotic chromosome condensation functions as a tumor suppressor gene and has been reported in pancreatic tumor cells.">
    <entity charOffset="0-31" id="22261332.s0.e0" ontology_id="GO_0007076" text="mitotic chromosome condensation" type="GO"/>
    <entity charOffset="47-52" id="22261332.s0.e1" ontology_id="HP_0002664" text="tumor" type="HP"/>
    <pair e1="22261332.s0.e0" e2="22261332.s0.e1" id="22261332.s0.p0" relation="true"/>
  </sentence>
  <sentence id="22261332.s1" text="Here, we examined the expression level of mitotic chromosome condensation in human response to hydroperoxide tissues and renal tumor cells by real-time quantitative RT-PCR and western blot.">
    <entity charOffset="42-73" id="22261332.s1.e0" ontology_id="GO_0007076" text="mitotic chromosome condensation" type="GO"/>
    <entity charOffset="83-108" id="22261332.s1.e1" ontology_id="GO_0033194" text="response to hydroperoxide" type="GO"/>
    <entity charOffset="127-132" id="22261332.s1.e2" ontology_id="HP_0002664" text="tumor" type="HP"/>
    <pair e1="22261332.s1.e0" e2="22261332.s1.e2" id="22261332.s1.p0" relation="true"/>
  </sentence>
  <sentence id="22261332.s2" text="We found that the expression level of mitotic chromosome condensation is significantly lower in RCC tissues and renal tumor cells compared with adjacent non-tumorous tissues and normal renal cells.">
    <entity charOffset="38-69" id="22261332.s2.e0" ontology_id="GO_0007076" text="mitotic chromosome condensation" type="GO"/>
    <entity charOffset="118-123" id="22261332.s2.e1" ontology_id="HP_0002664" text="tumor" type="HP"/>
    <pair e1="22261332.s2.e0" e2="22261332.s2.e1" id="22261332.s2.p0" relation="true"/>
  </sentence>
  <sentence id="22261332.s3" text="Interestingly, overexpression of mitotic chromosome condensation using a eukaryotic plasmid inhibited the proliferation of renal tumor cells in vitro and the growth of renal tumor in vivo.">
    <entity charOffset="33-64" id="22261332.s3.e0" ontology_id="GO_0007076" text="mitotic chromosome condensation" type="GO"/>
    <entity charOffset="129-134" id="22261332.s3.e1" ontology_id="HP_0002664" text="tumor" type="HP"/>
    <pair e1="22261332.s3.e0" e2="22261332.s3.e1" id="22261332.s3.p0" relation="true"/>
  </sentence>
  <sentence id="22261332.s4" text="Thus, our results demonstrate that mitotic chromosome condensation functions as a tumor suppressor gene in renal cells and may be a useful target for treatment of RCC">
    <entity charOffset="35-66" id="22261332.s4.e0" ontology_id="GO_0007076" text="mitotic chromosome condensation" type="GO"/>
    <entity charOffset="82-87" id="22261332.s4.e1" ontology_id="HP_0002664" text="tumor" type="HP"/>
    <pair e1="22261332.s4.e0" e2="22261332.s4.e1" id="22261332.s4.p0" relation="true"/>
  </sentence>
</document>
