<?xml version="1.0" ?>
<document id="22383991">
  <sentence id="22383991.s0" text="Very recently, double-strand break repair via homologous recombination has been established as a new FA gene raising the question of its implication in breast cancer risk.">
    <entity charOffset="15-70" id="22383991.s0.e0" ontology_id="GO_0000724" text="double-strand break repair via homologous recombination" type="GO"/>
    <entity charOffset="159-165" id="22383991.s0.e1" ontology_id="HP_0002664" text="cancer" type="HP"/>
    <pair e1="22383991.s0.e0" e2="22383991.s0.e1" id="22383991.s0.p0" relation="true"/>
  </sentence>
  <sentence id="22383991.s1" text="This study aimed at answering this question sequencing the entire coding region of double-strand break repair via homologous recombination in 526 familial breast cancer cases from Italy.">
    <entity charOffset="83-138" id="22383991.s1.e0" ontology_id="GO_0000724" text="double-strand break repair via homologous recombination" type="GO"/>
    <entity charOffset="162-168" id="22383991.s1.e1" ontology_id="HP_0002664" text="cancer" type="HP"/>
    <pair e1="22383991.s1.e0" e2="22383991.s1.e1" id="22383991.s1.p0" relation="true"/>
  </sentence>
  <sentence id="22383991.s2" text="Our results indicate that testing for double-strand break repair via homologous recombination germline mutations is unlikely to be relevant for the identification of individuals at risk of breast cancer, at least in the Italian population">
    <entity charOffset="38-93" id="22383991.s2.e0" ontology_id="GO_0000724" text="double-strand break repair via homologous recombination" type="GO"/>
    <entity charOffset="196-202" id="22383991.s2.e1" ontology_id="HP_0002664" text="cancer" type="HP"/>
    <pair e1="22383991.s2.e0" e2="22383991.s2.e1" id="22383991.s2.p0" relation="true"/>
  </sentence>
</document>
