<?xml version="1.0" ?>
<document id="23257780">
  <sentence id="23257780.s0" text="Here, we show that ethanol treatment (100 mM) promotes regulation of cell growth production and oxidative stress in cancer-associated fibroblasts, which is sufficient to induce myofibroblastic differentiation.">
    <entity charOffset="55-80" id="23257780.s0.e0" ontology_id="GO_0001558" text="regulation of cell growth" type="GO"/>
    <entity charOffset="116-122" id="23257780.s0.e1" ontology_id="HP_0002664" text="cancer" type="HP"/>
    <pair e1="23257780.s0.e0" e2="23257780.s0.e1" id="23257780.s0.p0" relation="true"/>
  </sentence>
  <sentence id="23257780.s1" text="Remarkably, our results also show that antioxidants [such as N-acetyl cysteine (activation of cysteine-type endopeptidase activity involved in apoptotic process)] can effectively reverse or prevent ethanol-induced oxidative stress in cancer-associated fibroblasts, suggesting a novel strategy for cancer prevention.">
    <entity charOffset="80-160" id="23257780.s1.e0" ontology_id="GO_0006919" text="activation of cysteine-type endopeptidase activity involved in apoptotic process" type="GO"/>
    <entity charOffset="234-240" id="23257780.s1.e1" ontology_id="HP_0002664" text="cancer" type="HP"/>
    <pair e1="23257780.s1.e0" e2="23257780.s1.e1" id="23257780.s1.p0" relation="true"/>
  </sentence>
</document>
