<?xml version="1.0" ?>
<document id="23564352">
  <sentence id="23564352.s0" text="A vitamin K biosynthetic process-endoplasmic reticulum unfolded protein response complex likely functions in oxidative/nitrosative stress, lipid metabolism, and xenobiotic metabolic process signaling pathways in its role as a tumor suppressor">
    <entity charOffset="2-32" id="23564352.s0.e0" ontology_id="GO_0042371" text="vitamin K biosynthetic process" type="GO"/>
    <entity charOffset="33-80" id="23564352.s0.e1" ontology_id="GO_0030968" text="endoplasmic reticulum unfolded protein response" type="GO"/>
    <entity charOffset="161-189" id="23564352.s0.e2" ontology_id="GO_0006805" text="xenobiotic metabolic process" type="GO"/>
    <entity charOffset="226-231" id="23564352.s0.e3" ontology_id="HP_0002664" text="tumor" type="HP"/>
    <pair e1="23564352.s0.e0" e2="23564352.s0.e3" id="23564352.s0.p0" relation="true"/>
    <pair e1="23564352.s0.e1" e2="23564352.s0.e3" id="23564352.s0.p1" relation="true"/>
    <pair e1="23564352.s0.e2" e2="23564352.s0.e3" id="23564352.s0.p2" relation="true"/>
  </sentence>
</document>
