<?xml version="1.0" ?>
<document id="23599270">
  <sentence id="23599270.s0" text="Using homozygosity mapping followed by exome sequencing, we identified a Thr224Asn mutation in the blood coagulation gene in infants from consanguineous families who suffered from life-threatening neutropenia, which was refractory to granulocyte CSF, from defective platelet aggregation and myelofibrosis.">
    <entity charOffset="99-116" id="23599270.s0.e0" ontology_id="GO_0007596" text="blood coagulation" type="GO"/>
    <entity charOffset="197-208" id="23599270.s0.e1" ontology_id="HP_0001875" text="neutropenia" type="HP"/>
    <pair e1="23599270.s0.e0" e2="23599270.s0.e1" id="23599270.s0.p0" relation="true"/>
  </sentence>
  <sentence id="23599270.s1" text="This is the first report of a blood coagulation-related disease in humans, manifesting by neutropenia, thrombasthenia, myelofibrosis, and progressive bone marrow failure">
    <entity charOffset="30-47" id="23599270.s1.e0" ontology_id="GO_0007596" text="blood coagulation" type="GO"/>
    <entity charOffset="90-101" id="23599270.s1.e1" ontology_id="HP_0001875" text="neutropenia" type="HP"/>
    <pair e1="23599270.s1.e0" e2="23599270.s1.e1" id="23599270.s1.p0" relation="true"/>
  </sentence>
</document>
