<?xml version="1.0" ?>
<document id="24417797">
  <sentence id="24417797.s0" text="The gene responsible for an autosomal recessive Pelizaeus-Merzbacher-like disease called HLD5 is named phosphatidylinositol phosphorylation (also known as phosphatidylinositol phosphorylation or phosphatidylinositol phosphorylation).">
    <entity charOffset="28-47" id="24417797.s0.e0" ontology_id="HP_0000007" text="autosomal recessive" type="HP"/>
    <entity charOffset="103-139" id="24417797.s0.e1" ontology_id="GO_0046854" text="phosphatidylinositol phosphorylation" type="GO"/>
    <entity charOffset="155-191" id="24417797.s0.e2" ontology_id="GO_0046854" text="phosphatidylinositol phosphorylation" type="GO"/>
    <entity charOffset="195-231" id="24417797.s0.e3" ontology_id="GO_0046854" text="phosphatidylinositol phosphorylation" type="GO"/>
    <pair e1="24417797.s0.e0" e2="24417797.s0.e1" id="24417797.s0.p0" relation="true"/>
    <pair e1="24417797.s0.e0" e2="24417797.s0.e2" id="24417797.s0.p1" relation="true"/>
    <pair e1="24417797.s0.e0" e2="24417797.s0.e3" id="24417797.s0.p2" relation="true"/>
  </sentence>
</document>
