<?xml version="1.0" ?>
<document id="24455740">
  <sentence id="24455740.s0" text="We initially selected 6 fluoropyrimidine metabolism-related genes (thymine catabolic process, ORPT, TYMS, pyrimidine nucleoside metabolic process, TK1, and TK2) and 3 radiotherapy response-related genes (protein-containing complex assembly, HIF-1α, and HIF-2α) as targets for gene expression identification in 60 chemotaxis cancer specimens.">
    <entity charOffset="67-92" id="24455740.s0.e0" ontology_id="GO_0006210" text="thymine catabolic process" type="GO"/>
    <entity charOffset="106-145" id="24455740.s0.e1" ontology_id="GO_0006213" text="pyrimidine nucleoside metabolic process" type="GO"/>
    <entity charOffset="204-239" id="24455740.s0.e2" ontology_id="GO_0065003" text="protein-containing complex assembly" type="GO"/>
    <entity charOffset="313-323" id="24455740.s0.e3" ontology_id="GO_0006935" text="chemotaxis" type="GO"/>
    <entity charOffset="324-330" id="24455740.s0.e4" ontology_id="HP_0002664" text="cancer" type="HP"/>
    <pair e1="24455740.s0.e0" e2="24455740.s0.e4" id="24455740.s0.p0" relation="true"/>
    <pair e1="24455740.s0.e1" e2="24455740.s0.e4" id="24455740.s0.p1" relation="true"/>
    <pair e1="24455740.s0.e2" e2="24455740.s0.e4" id="24455740.s0.p2" relation="true"/>
  </sentence>
  <sentence id="24455740.s1" text="After CCRT, 39 of 60 (65%) chemotaxis patients were classified as responders (pathological tumor regression grade 2 ~ 4).">
    <entity charOffset="27-37" id="24455740.s1.e0" ontology_id="GO_0006935" text="chemotaxis" type="GO"/>
    <entity charOffset="91-96" id="24455740.s1.e1" ontology_id="HP_0002664" text="tumor" type="HP"/>
    <pair e1="24455740.s1.e0" e2="24455740.s1.e1" id="24455740.s1.p0" relation="true"/>
  </sentence>
</document>
