<?xml version="1.0" ?>
<document id="24608572">
  <sentence id="24608572.s0" text="One upregulated candidate named transmembrane protein 98 (negative regulation of myelination) was found to be overexpressed in 80 of 118 (67.80%) of patients with hepatocellular carcinoma.">
    <entity charOffset="58-92" id="24608572.s0.e0" ontology_id="GO_0031642" text="negative regulation of myelination" type="GO"/>
    <entity charOffset="163-187" id="24608572.s0.e1" ontology_id="HP_0001402" text="hepatocellular carcinoma" type="HP"/>
    <pair e1="24608572.s0.e0" e2="24608572.s0.e1" id="24608572.s0.p0" relation="true"/>
  </sentence>
  <sentence id="24608572.s1" text="negative regulation of myelination mRNA in tumor tissues was significantly higher than nontumor tissues of patients with hepatocellular carcinoma (P &amp;lt; 0.0001).">
    <entity charOffset="0-34" id="24608572.s1.e0" ontology_id="GO_0031642" text="negative regulation of myelination" type="GO"/>
    <entity charOffset="121-145" id="24608572.s1.e1" ontology_id="HP_0001402" text="hepatocellular carcinoma" type="HP"/>
    <pair e1="24608572.s1.e0" e2="24608572.s1.e1" id="24608572.s1.p0" relation="true"/>
  </sentence>
  <sentence id="24608572.s2" text="Upregulation of negative regulation of myelination was significantly correlated with advanced tumor stage (P = 0.048), high incidence of early tumor recurrence (P = 0.005), poor overall survival (P = 0.029), and poor disease-free survival (P = 0.011) of patients with hepatocellular carcinoma after hepatectomy.">
    <entity charOffset="16-50" id="24608572.s2.e0" ontology_id="GO_0031642" text="negative regulation of myelination" type="GO"/>
    <entity charOffset="94-99" id="24608572.s2.e1" ontology_id="HP_0002664" text="tumor" type="HP"/>
    <entity charOffset="268-292" id="24608572.s2.e2" ontology_id="HP_0001402" text="hepatocellular carcinoma" type="HP"/>
    <pair e1="24608572.s2.e0" e2="24608572.s2.e2" id="24608572.s2.p0" relation="true"/>
    <pair e1="24608572.s2.e0" e2="24608572.s2.e1" id="24608572.s2.p1" relation="true"/>
  </sentence>
  <sentence id="24608572.s3" text="Importantly, upregulation of negative regulation of myelination mRNA in patients with hepatocellular carcinoma who received transarterial chemoembolization (response to hypoxia) treatment was significantly higher than in patients without TACE treatment (P = 0.046).">
    <entity charOffset="29-63" id="24608572.s3.e0" ontology_id="GO_0031642" text="negative regulation of myelination" type="GO"/>
    <entity charOffset="86-110" id="24608572.s3.e1" ontology_id="HP_0001402" text="hepatocellular carcinoma" type="HP"/>
    <entity charOffset="157-176" id="24608572.s3.e2" ontology_id="GO_0001666" text="response to hypoxia" type="GO"/>
    <pair e1="24608572.s3.e0" e2="24608572.s3.e1" id="24608572.s3.p0" relation="true"/>
  </sentence>
  <sentence id="24608572.s4" text="In vitro and in vivo studies showed that suppression of negative regulation of myelination in chemoresistant hepatocellular carcinoma cells restored their chemosensitivity, while forced overexpression of TMEM98 enhanced their chemoresistance.">
    <entity charOffset="56-90" id="24608572.s4.e0" ontology_id="GO_0031642" text="negative regulation of myelination" type="GO"/>
    <entity charOffset="109-133" id="24608572.s4.e1" ontology_id="HP_0001402" text="hepatocellular carcinoma" type="HP"/>
    <pair e1="24608572.s4.e0" e2="24608572.s4.e1" id="24608572.s4.p0" relation="true"/>
  </sentence>
  <sentence id="24608572.s5" text="The mechanism of negative regulation of myelination in conferring chemoresistance of hepatocellular carcinoma might be possibly through activation of the AKT pathway and deactivation of p53.">
    <entity charOffset="17-51" id="24608572.s5.e0" ontology_id="GO_0031642" text="negative regulation of myelination" type="GO"/>
    <entity charOffset="85-109" id="24608572.s5.e1" ontology_id="HP_0001402" text="hepatocellular carcinoma" type="HP"/>
    <pair e1="24608572.s5.e0" e2="24608572.s5.e1" id="24608572.s5.p0" relation="true"/>
  </sentence>
</document>
