<?xml version="1.0" ?>
<document id="24689825">
  <sentence id="24689825.s0" text="Few studies have examined the roles of CRELD1 and positive regulation of transcription, DNA-templated in cardiac abnormalities or their association with pulmonary artery histopathology.">
    <entity charOffset="50-101" id="24689825.s0.e0" ontology_id="GO_0045893" text="positive regulation of transcription, DNA-templated" type="GO"/>
    <entity charOffset="105-126" id="24689825.s0.e1" ontology_id="HP_0001627" text="cardiac abnormalities" type="HP"/>
    <pair e1="24689825.s0.e0" e2="24689825.s0.e1" id="24689825.s0.p0" relation="true"/>
  </sentence>
  <sentence id="24689825.s1" text="Children with DS have an elevated risk of pulmonary arterial hypertension (L-phenylalanine catabolic process).">
    <entity charOffset="42-73" id="24689825.s1.e0" ontology_id="HP_0002092" text="pulmonary arterial hypertension" type="HP"/>
    <entity charOffset="75-108" id="24689825.s1.e1" ontology_id="GO_0006559" text="L-phenylalanine catabolic process" type="GO"/>
    <pair e1="24689825.s1.e0" e2="24689825.s1.e1" id="24689825.s1.p0" relation="true"/>
  </sentence>
</document>
