<?xml version="1.0" ?>
<document id="25048004">
  <sentence id="25048004.s0" text="The postsynaptic density (PSD) contains a complex negative regulation of transcription, DNA-templated of proteins of known relevance to neuropsychiatric disorders, and schizophrenia specifically.">
    <entity charOffset="50-101" id="25048004.s0.e0" ontology_id="GO_0045892" text="negative regulation of transcription, DNA-templated" type="GO"/>
    <entity charOffset="168-181" id="25048004.s0.e1" ontology_id="HP_0100753" text="schizophrenia" type="HP"/>
  </sentence>
  <sentence id="25048004.s1" text="Both single-gene and gene-negative regulation of transcription, DNA-templated enrichment analyses in genome-wide association data from the largest schizophrenia sample to date of 13,689 cases and 18,226 controls show significant association of negative regulation of transcription by RNA polymerase II and MAPK3, and enrichment of our PSD proteome.">
    <entity charOffset="26-77" id="25048004.s1.e0" ontology_id="GO_0045892" text="negative regulation of transcription, DNA-templated" type="GO"/>
    <entity charOffset="147-160" id="25048004.s1.e1" ontology_id="HP_0100753" text="schizophrenia" type="HP"/>
    <entity charOffset="244-301" id="25048004.s1.e2" ontology_id="GO_0000122" text="negative regulation of transcription by RNA polymerase II" type="GO"/>
    <pair e1="25048004.s1.e0" e2="25048004.s1.e1" id="25048004.s1.p0" relation="false"/>
    <pair e1="25048004.s1.e1" e2="25048004.s1.e2" id="25048004.s1.p1" relation="true"/>
  </sentence>
</document>
