<?xml version="1.0" ?>
<document id="25189544">
  <sentence id="25189544.s0" text="Identification of novel genetic and epigenetic alterations is required for optimal stratification of patients with hepatocellular carcinoma (phosphatidylinositol phosphorylation) at risk for recurrence and adverse prognosis.">
    <entity charOffset="115-139" id="25189544.s0.e0" ontology_id="HP_0001402" text="hepatocellular carcinoma" type="HP"/>
    <entity charOffset="141-177" id="25189544.s0.e1" ontology_id="GO_0046854" text="phosphatidylinositol phosphorylation" type="GO"/>
  </sentence>
  <sentence id="25189544.s1" text="ubiquinone biosynthetic process is a putative tumor suppressor, and promoter hypermethylation is a key regulatory mechanism in HCC.">
    <entity charOffset="0-31" id="25189544.s1.e0" ontology_id="GO_0006744" text="ubiquinone biosynthetic process" type="GO"/>
    <entity charOffset="46-51" id="25189544.s1.e1" ontology_id="HP_0002664" text="tumor" type="HP"/>
    <pair e1="25189544.s1.e0" e2="25189544.s1.e1" id="25189544.s1.p0" relation="true"/>
  </sentence>
</document>
