<?xml version="1.0" ?>
<document id="25220380">
  <sentence id="25220380.s0" text="cation transport is a Ca(2+) activated Cl(-) channel that is related to head and neck cancer, often caused by human papilloma virus (HPV) infection.">
    <entity charOffset="0-16" id="25220380.s0.e0" ontology_id="GO_0006812" text="cation transport" type="GO"/>
    <entity charOffset="86-92" id="25220380.s0.e1" ontology_id="HP_0002664" text="cancer" type="HP"/>
    <entity charOffset="116-125" id="25220380.s0.e2" ontology_id="HP_0012740" text="papilloma" type="HP"/>
    <pair e1="25220380.s0.e0" e2="25220380.s0.e1" id="25220380.s0.p0" relation="true"/>
    <pair e1="25220380.s0.e0" e2="25220380.s0.e2" id="25220380.s0.p1" relation="true"/>
  </sentence>
  <sentence id="25220380.s1" text="Because protein N-linked glycosylation via asparagine8 is required to lower cytosolic Zn(2+) concentrations by the Zn(2+) transporter ZnT-1, we hypothesize that HPV infections and cancer caused by mutations in TMC8 are related to upregulated Zn(2+)/Ca(2+) signaling and activation of cation transport.">
    <entity charOffset="8-53" id="25220380.s1.e0" ontology_id="GO_0018279" text="protein N-linked glycosylation via asparagine" type="GO"/>
    <entity charOffset="180-186" id="25220380.s1.e1" ontology_id="HP_0002664" text="cancer" type="HP"/>
    <entity charOffset="284-300" id="25220380.s1.e2" ontology_id="GO_0006812" text="cation transport" type="GO"/>
    <pair e1="25220380.s1.e0" e2="25220380.s1.e1" id="25220380.s1.p0" relation="true"/>
    <pair e1="25220380.s1.e1" e2="25220380.s1.e2" id="25220380.s1.p1" relation="true"/>
  </sentence>
</document>
