<?xml version="1.0" ?>
<document id="25265279">
  <sentence id="25265279.s0" text="Downregulation of Gli1, smoothened signaling pathway, negative regulation of transcription by RNA polymerase II and Kif7 was demonstrated in clinical samples of choriocarcinoma and hydatidiform moles as well as choriocarcinoma cell lines when compared with normal placentas.">
    <entity charOffset="24-52" id="25265279.s0.e0" ontology_id="GO_0007224" text="smoothened signaling pathway" type="GO"/>
    <entity charOffset="54-111" id="25265279.s0.e1" ontology_id="GO_0000122" text="negative regulation of transcription by RNA polymerase II" type="GO"/>
    <entity charOffset="161-176" id="25265279.s0.e2" ontology_id="HP_0100768" text="choriocarcinoma" type="HP"/>
    <pair e1="25265279.s0.e0" e2="25265279.s0.e2" id="25265279.s0.p0" relation="true"/>
    <pair e1="25265279.s0.e1" e2="25265279.s0.e2" id="25265279.s0.p1" relation="true"/>
  </sentence>
  <sentence id="25265279.s1" text="Ectopic expression of negative regulation of smoothened signaling pathway in two choriocarcinoma cell lines JAR and JEG-3 led to a decrease in cell growth and increase in apoptosis demonstrated by MTT and TUNEL assays, respectively.">
    <entity charOffset="22-73" id="25265279.s1.e0" ontology_id="GO_0045879" text="negative regulation of smoothened signaling pathway" type="GO"/>
    <entity charOffset="81-96" id="25265279.s1.e1" ontology_id="HP_0100768" text="choriocarcinoma" type="HP"/>
    <pair e1="25265279.s1.e0" e2="25265279.s1.e1" id="25265279.s1.p0" relation="false"/>
  </sentence>
</document>
