<?xml version="1.0" ?>
<document id="25464848">
  <sentence id="25464848.s0" text="Disruption of outflow tract septum morphogenesis induced apoptosis of GSCs, but not NPCs or NSTCs, and suppressed tumor growth in orthotopic models of glioblastoma.">
    <entity charOffset="14-48" id="25464848.s0.e0" ontology_id="GO_0003148" text="outflow tract septum morphogenesis" type="GO"/>
    <entity charOffset="114-119" id="25464848.s0.e1" ontology_id="HP_0002664" text="tumor" type="HP"/>
    <entity charOffset="151-163" id="25464848.s0.e2" ontology_id="HP_0012174" text="glioblastoma" type="HP"/>
    <pair e1="25464848.s0.e0" e2="25464848.s0.e1" id="25464848.s0.p0" relation="true"/>
    <pair e1="25464848.s0.e0" e2="25464848.s0.e2" id="25464848.s0.p1" relation="true"/>
  </sentence>
  <sentence id="25464848.s1" text="Our study supports the targeting of outflow tract septum morphogenesis to break this GSC-specific autocrine/paracrine loop in order to improve glioblastoma treatment, potentially with a high therapeutic index.">
    <entity charOffset="36-70" id="25464848.s1.e0" ontology_id="GO_0003148" text="outflow tract septum morphogenesis" type="GO"/>
    <entity charOffset="143-155" id="25464848.s1.e1" ontology_id="HP_0012174" text="glioblastoma" type="HP"/>
    <pair e1="25464848.s1.e0" e2="25464848.s1.e1" id="25464848.s1.p0" relation="true"/>
  </sentence>
</document>
