<?xml version="1.0" ?>
<document id="25473808">
  <sentence id="25473808.s0" text="Cilia play essential roles in normal human development and health; cilia dysfunction results in diseases such as primary ciliary dyskinesia (motile cilium assembly).">
    <entity charOffset="121-139" id="25473808.s0.e0" ontology_id="HP_0012265" text="ciliary dyskinesia" type="HP"/>
    <entity charOffset="141-163" id="25473808.s0.e1" ontology_id="GO_0044458" text="motile cilium assembly" type="GO"/>
    <pair e1="25473808.s0.e0" e2="25473808.s0.e1" id="25473808.s0.p0" relation="true"/>
  </sentence>
  <sentence id="25473808.s1" text="We present the native 3D structures of normal and motile cilium assembly-causing RSPH1-mutant human respiratory cilia in unprecedented detail; this allows comparisons of cilia structure across evolutionarily distant species and reveals the previously unknown primary defect and the heterogeneous secondary defects in RSPH1-mutant cilia.">
    <entity charOffset="50-72" id="25473808.s1.e0" ontology_id="GO_0044458" text="motile cilium assembly" type="GO"/>
    <entity charOffset="282-295" id="25473808.s1.e1" ontology_id="HP_0001425" text="heterogeneous" type="HP"/>
    <pair e1="25473808.s1.e0" e2="25473808.s1.e1" id="25473808.s1.p0" relation="true"/>
  </sentence>
  <sentence id="25473808.s2" text="Our data provide evidence for structural and functional heterogeneity in radial spokes, suggest a mechanism for the milder RSPH1 motile cilium assembly phenotype and demonstrate that cryo-electron tomography can be applied to human disease by directly imaging patient samples.">
    <entity charOffset="56-69" id="25473808.s2.e0" ontology_id="HP_0001425" text="heterogeneity" type="HP"/>
    <entity charOffset="129-151" id="25473808.s2.e1" ontology_id="GO_0044458" text="motile cilium assembly" type="GO"/>
    <pair e1="25473808.s2.e0" e2="25473808.s2.e1" id="25473808.s2.p0" relation="true"/>
  </sentence>
</document>
