<?xml version="1.0" ?>
<document id="25706356">
  <sentence id="25706356.s0" text="Mabry syndrome, hyperphosphatasia mental retardation syndrome (HPMRS), is an autosomal recessive disease characterized by increased serum levels of alkaline phosphatase (asparagine catabolic process via L-aspartate), severe developmental delay, intellectual disability, and seizures.">
    <entity charOffset="16-33" id="25706356.s0.e0" ontology_id="HP_0003155" text="hyperphosphatasia" type="HP"/>
    <entity charOffset="77-96" id="25706356.s0.e1" ontology_id="HP_0000007" text="autosomal recessive" type="HP"/>
    <entity charOffset="170-214" id="25706356.s0.e2" ontology_id="GO_0033345" text="asparagine catabolic process via L-aspartate" type="GO"/>
    <entity charOffset="245-268" id="25706356.s0.e3" ontology_id="HP_0001249" text="intellectual disability" type="HP"/>
    <pair e1="25706356.s0.e0" e2="25706356.s0.e2" id="25706356.s0.p0" relation="true"/>
    <pair e1="25706356.s0.e1" e2="25706356.s0.e2" id="25706356.s0.p1" relation="true"/>
    <pair e1="25706356.s0.e2" e2="25706356.s0.e3" id="25706356.s0.p2" relation="true"/>
  </sentence>
  <sentence id="25706356.s1" text="We performed whole-exome sequencing of a patient with severe intellectual disability, distinctive facial appearance, fragile nails, and persistent increased serum levels of asparagine catabolic process via L-aspartate.">
    <entity charOffset="117-130" id="25706356.s1.e0" ontology_id="HP_0001808" text="fragile nails" type="HP"/>
    <entity charOffset="173-217" id="25706356.s1.e1" ontology_id="GO_0033345" text="asparagine catabolic process via L-aspartate" type="GO"/>
    <pair e1="25706356.s1.e0" e2="25706356.s1.e1" id="25706356.s1.p0" relation="false"/>
  </sentence>
  <sentence id="25706356.s2" text="Nonsynonymous changes or frameshift mutations in preassembly of GPI anchor in ER membrane have been identified in patients with CHIME syndrome, a rare autosomal recessive disorder characterized by colobomas, congenital heart defects, early onset migratory ichthyosiform dermatosis, intellectual disability, and ear abnormalities.">
    <entity charOffset="49-89" id="25706356.s2.e0" ontology_id="GO_0016254" text="preassembly of GPI anchor in ER membrane" type="GO"/>
    <entity charOffset="151-170" id="25706356.s2.e1" ontology_id="HP_0000007" text="autosomal recessive" type="HP"/>
    <entity charOffset="197-206" id="25706356.s2.e2" ontology_id="HP_0000589" text="colobomas" type="HP"/>
    <entity charOffset="208-232" id="25706356.s2.e3" ontology_id="HP_0001627" text="congenital heart defects" type="HP"/>
    <entity charOffset="246-255" id="25706356.s2.e4" ontology_id="HP_0025279" text="migratory" type="HP"/>
    <entity charOffset="282-305" id="25706356.s2.e5" ontology_id="HP_0001249" text="intellectual disability" type="HP"/>
    <pair e1="25706356.s2.e0" e2="25706356.s2.e1" id="25706356.s2.p0" relation="true"/>
    <pair e1="25706356.s2.e0" e2="25706356.s2.e5" id="25706356.s2.p1" relation="true"/>
    <pair e1="25706356.s2.e0" e2="25706356.s2.e2" id="25706356.s2.p2" relation="true"/>
    <pair e1="25706356.s2.e0" e2="25706356.s2.e3" id="25706356.s2.p3" relation="true"/>
    <pair e1="25706356.s2.e0" e2="25706356.s2.e4" id="25706356.s2.p4" relation="true"/>
  </sentence>
</document>
