<?xml version="1.0" ?>
<document id="25791755">
  <sentence id="25791755.s0" text="Next-generation sequencing (NGS) of the genetic information of cancer cells has revolutionized the field of cancer biology, including prostate cancer (mitochondrial transport).">
    <entity charOffset="63-69" id="25791755.s0.e0" ontology_id="HP_0002664" text="cancer" type="HP"/>
    <entity charOffset="151-174" id="25791755.s0.e1" ontology_id="GO_0006839" text="mitochondrial transport" type="GO"/>
  </sentence>
  <sentence id="25791755.s1" text="With its highly heterogeneous nature, mitochondrial transport continues to pose a tremendous challenge in terms of diagnosis and prognosis.">
    <entity charOffset="16-29" id="25791755.s1.e0" ontology_id="HP_0001425" text="heterogeneous" type="HP"/>
    <entity charOffset="38-61" id="25791755.s1.e1" ontology_id="GO_0006839" text="mitochondrial transport" type="GO"/>
  </sentence>
</document>
