<?xml version="1.0" ?>
<document id="26148476">
  <sentence id="26148476.s0" text="Aberrant expression of receptor intercoenzyme A biosynthetic processing protein kinase 4 (morphogenesis of an epithelium), a crucial regulatory protein of Wnt/β-catenin signaling, has recently been reported to be involved in several cancers.">
    <entity charOffset="37-68" id="26148476.s0.e0" ontology_id="GO_0015937" text="coenzyme A biosynthetic process" type="GO"/>
    <entity charOffset="90-120" id="26148476.s0.e1" ontology_id="GO_0002009" text="morphogenesis of an epithelium" type="GO"/>
    <entity charOffset="233-239" id="26148476.s0.e2" ontology_id="HP_0002664" text="cancer" type="HP"/>
  </sentence>
  <sentence id="26148476.s1" text="Knockdown of morphogenesis of an epithelium reduced cell migration and invasion via inhibition of Vimentin, MMP2 and Fibronectin expression in cervical cancer cells.">
    <entity charOffset="13-43" id="26148476.s1.e0" ontology_id="GO_0002009" text="morphogenesis of an epithelium" type="GO"/>
    <entity charOffset="152-158" id="26148476.s1.e1" ontology_id="HP_0002664" text="cancer" type="HP"/>
    <pair e1="26148476.s1.e0" e2="26148476.s1.e1" id="26148476.s1.p0" relation="true"/>
  </sentence>
</document>
