<?xml version="1.0" ?>
<document id="26149656">
  <sentence id="26149656.s0" text="Friedreich's ataxia (regulation of ferrochelatase activity), the autosomal neurodegenerative disorder is the only human disease known so far, where a large purine (glycogen catabolic process) repeat in the regulation of ferrochelatase activity gene is known to inhibit the expression of frataxin protein.">
    <entity charOffset="13-19" id="26149656.s0.e0" ontology_id="HP_0001251" text="ataxia" type="HP"/>
    <entity charOffset="21-58" id="26149656.s0.e1" ontology_id="GO_0010722" text="regulation of ferrochelatase activity" type="GO"/>
    <entity charOffset="164-190" id="26149656.s0.e2" ontology_id="GO_0005980" text="glycogen catabolic process" type="GO"/>
    <entity charOffset="206-243" id="26149656.s0.e3" ontology_id="GO_0010722" text="regulation of ferrochelatase activity" type="GO"/>
    <pair e1="26149656.s0.e0" e2="26149656.s0.e1" id="26149656.s0.p0" relation="true"/>
    <pair e1="26149656.s0.e0" e2="26149656.s0.e2" id="26149656.s0.p1" relation="true"/>
    <pair e1="26149656.s0.e0" e2="26149656.s0.e3" id="26149656.s0.p2" relation="true"/>
  </sentence>
</document>
