<?xml version="1.0" ?>
<document id="26531332">
  <sentence id="26531332.s0" text="In the case-control analysis, the rs9607195 A&amp;gt;G on intergenic area 250 kb away from the ISX gene and the rs12738007 A&amp;gt;G on the intron of the fatty acid metabolic process gene were the most strongly associated SNPs with the risk of schizophrenia (P = 6.2 × 10(-8) , OR = 0.50 and P = 3.7 × 10(-7) , OR = 2.39, respectively).">
    <entity charOffset="147-175" id="26531332.s0.e0" ontology_id="GO_0006631" text="fatty acid metabolic process" type="GO"/>
    <entity charOffset="237-250" id="26531332.s0.e1" ontology_id="HP_0100753" text="schizophrenia" type="HP"/>
    <pair e1="26531332.s0.e0" e2="26531332.s0.e1" id="26531332.s0.p0" relation="true"/>
  </sentence>
  <sentence id="26531332.s1" text="In subsequent fine-mapping analysis, 6 SNPs of fatty acid metabolic process were genotyped with 310 schizophrenia patients and 604 control subjects.">
    <entity charOffset="47-75" id="26531332.s1.e0" ontology_id="GO_0006631" text="fatty acid metabolic process" type="GO"/>
    <entity charOffset="100-113" id="26531332.s1.e1" ontology_id="HP_0100753" text="schizophrenia" type="HP"/>
    <pair e1="26531332.s1.e0" e2="26531332.s1.e1" id="26531332.s1.p0" relation="false"/>
  </sentence>
</document>
