<?xml version="1.0" ?>
<document id="26573920">
  <sentence id="26573920.s0" text="Hereditary sensory and autonomic neuropathy 1 (sphingolipid biosynthetic process) is an autosomal dominant disorder that can be caused by variants in sphingolipid biosynthetic process or sphingolipid biosynthetic process, encoding subunits of serine palmitoyl-CoA transferase.">
    <entity charOffset="33-43" id="26573920.s0.e0" ontology_id="HP_0009830" text="neuropathy" type="HP"/>
    <entity charOffset="47-80" id="26573920.s0.e1" ontology_id="GO_0030148" text="sphingolipid biosynthetic process" type="GO"/>
    <entity charOffset="150-183" id="26573920.s0.e2" ontology_id="GO_0030148" text="sphingolipid biosynthetic process" type="GO"/>
    <entity charOffset="187-220" id="26573920.s0.e3" ontology_id="GO_0030148" text="sphingolipid biosynthetic process" type="GO"/>
    <pair e1="26573920.s0.e0" e2="26573920.s0.e1" id="26573920.s0.p0" relation="true"/>
    <pair e1="26573920.s0.e0" e2="26573920.s0.e2" id="26573920.s0.p1" relation="true"/>
    <pair e1="26573920.s0.e0" e2="26573920.s0.e3" id="26573920.s0.p2" relation="true"/>
  </sentence>
  <sentence id="26573920.s1" text="Sequencing of sphingolipid biosynthetic process should be considered in all patients presenting with mild late-onset sensory-predominant small or large fiber neuropathy.">
    <entity charOffset="14-47" id="26573920.s1.e0" ontology_id="GO_0030148" text="sphingolipid biosynthetic process" type="GO"/>
    <entity charOffset="158-168" id="26573920.s1.e1" ontology_id="HP_0009830" text="neuropathy" type="HP"/>
    <pair e1="26573920.s1.e0" e2="26573920.s1.e1" id="26573920.s1.p0" relation="true"/>
  </sentence>
</document>
