<?xml version="1.0" ?>
<document id="26614431">
  <sentence id="26614431.s0" text="The SNPs rs2124437 (RASGRP3), rs1335022 (protein retention in ER lumen), rs4512367 (PREX2), rs4748011 (CCDC3), and rs1435218 (ubiquitin-dependent protein catabolic process) were analyzed in 500 histopathologically confirmed oral cancers and 500 healthy controls with a minimum of 10 years of tobacco usage.">
    <entity charOffset="41-70" id="26614431.s0.e0" ontology_id="GO_0006621" text="protein retention in ER lumen" type="GO"/>
    <entity charOffset="126-171" id="26614431.s0.e1" ontology_id="GO_0006511" text="ubiquitin-dependent protein catabolic process" type="GO"/>
    <entity charOffset="229-235" id="26614431.s0.e2" ontology_id="HP_0002664" text="cancer" type="HP"/>
    <pair e1="26614431.s0.e0" e2="26614431.s0.e2" id="26614431.s0.p0" relation="true"/>
    <pair e1="26614431.s0.e1" e2="26614431.s0.e2" id="26614431.s0.p1" relation="true"/>
  </sentence>
  <sentence id="26614431.s1" text="A significant association of the SNPs in oral cancer was observed in MAPK cascade AA (rs2124437) (p &amp;lt; 0.000, OR 1.34, 95 % confidence interval (CI) 1.01-1.76), protein retention in ER lumen TT (rs1335022) (p = 0.008, OR 1.58, 95 % CI 1.23-2.03), G protein-coupled receptor signaling pathway CC (p = 0.008, OR 1.56, 95 % CI 1.15-2.1), and TT (p &amp;lt; 0.000, OR 2.77, 1.68-4.57) genotypes, whereas the heterozygous genotypes showed higher frequencies in controls, i.e., GRIK2 CT (rs1335022) (p = 0.029, OR 0.68, 95 % CI 0.53-0.87) and PREX2 CT (p = 0.004, OR 0.49, 95 % CI 0.37-0.64), indicating protection.">
    <entity charOffset="46-52" id="26614431.s1.e0" ontology_id="HP_0002664" text="cancer" type="HP"/>
    <entity charOffset="69-81" id="26614431.s1.e1" ontology_id="GO_0000165" text="MAPK cascade" type="GO"/>
    <entity charOffset="163-192" id="26614431.s1.e2" ontology_id="GO_0006621" text="protein retention in ER lumen" type="GO"/>
    <entity charOffset="249-293" id="26614431.s1.e3" ontology_id="GO_0007186" text="G protein-coupled receptor signaling pathway" type="GO"/>
    <pair e1="26614431.s1.e0" e2="26614431.s1.e1" id="26614431.s1.p0" relation="true"/>
    <pair e1="26614431.s1.e0" e2="26614431.s1.e2" id="26614431.s1.p1" relation="false"/>
    <pair e1="26614431.s1.e0" e2="26614431.s1.e3" id="26614431.s1.p2" relation="true"/>
  </sentence>
</document>
