<?xml version="1.0" ?>
<document id="26659383">
  <sentence id="26659383.s0" text="Ectodysplasin-A2 (positive regulation of NF-kappaB transcription factor activity) is a recently isolated member of the tumor necrosis factor superfamily that binds to X-linked ectodermal dysplasia receptor (positive regulation of JNK cascade).">
    <entity charOffset="18-80" id="26659383.s0.e0" ontology_id="GO_0051092" text="positive regulation of NF-kappaB transcription factor activity" type="GO"/>
    <entity charOffset="119-124" id="26659383.s0.e1" ontology_id="HP_0002664" text="tumor" type="HP"/>
    <entity charOffset="176-196" id="26659383.s0.e2" ontology_id="HP_0000968" text="ectodermal dysplasia" type="HP"/>
    <entity charOffset="207-241" id="26659383.s0.e3" ontology_id="GO_0046330" text="positive regulation of JNK cascade" type="GO"/>
    <pair e1="26659383.s0.e0" e2="26659383.s0.e1" id="26659383.s0.p0" relation="true"/>
    <pair e1="26659383.s0.e1" e2="26659383.s0.e3" id="26659383.s0.p1" relation="true"/>
    <pair e1="26659383.s0.e2" e2="26659383.s0.e3" id="26659383.s0.p2" relation="true"/>
  </sentence>
</document>
