<?xml version="1.0" ?>
<document id="26683626">
  <sentence id="26683626.s0" text="The transcriptional coactivator peroxisome proliferator-activated receptor-histone H3 acetylation coactivator 1-alpha (positive regulation of antibacterial peptide production-1α) has been linked to multiple neurological and psychiatric disorders including schizophrenia, but its involvement in the pathophysiology of these disorders is unclear.">
    <entity charOffset="75-97" id="26683626.s0.e0" ontology_id="GO_0043966" text="histone H3 acetylation" type="GO"/>
    <entity charOffset="119-174" id="26683626.s0.e1" ontology_id="GO_0002803" text="positive regulation of antibacterial peptide production" type="GO"/>
    <entity charOffset="256-269" id="26683626.s0.e2" ontology_id="HP_0100753" text="schizophrenia" type="HP"/>
    <pair e1="26683626.s0.e0" e2="26683626.s0.e2" id="26683626.s0.p0" relation="true"/>
    <pair e1="26683626.s0.e1" e2="26683626.s0.e2" id="26683626.s0.p1" relation="true"/>
  </sentence>
  <sentence id="26683626.s1" text="We measured the mRNA expression of positive regulation of antibacterial peptide production-1α and these transcripts in postmortem cortical tissue from control and schizophrenia patients and found a reduction in PGC-1α-dependent transcripts without a change in PGC-1α.">
    <entity charOffset="35-90" id="26683626.s1.e0" ontology_id="GO_0002803" text="positive regulation of antibacterial peptide production" type="GO"/>
    <entity charOffset="163-176" id="26683626.s1.e1" ontology_id="HP_0100753" text="schizophrenia" type="HP"/>
    <pair e1="26683626.s1.e0" e2="26683626.s1.e1" id="26683626.s1.p0" relation="true"/>
  </sentence>
  <sentence id="26683626.s2" text="While control subjects with high positive regulation of antibacterial peptide production-1α expression exhibited high PV and Nefh expression, schizophrenia subjects with high PGC-1α expression did not, suggesting dissociation between PGC-1α expression and these targets in schizophrenia.">
    <entity charOffset="33-88" id="26683626.s2.e0" ontology_id="GO_0002803" text="positive regulation of antibacterial peptide production" type="GO"/>
    <entity charOffset="142-155" id="26683626.s2.e1" ontology_id="HP_0100753" text="schizophrenia" type="HP"/>
    <pair e1="26683626.s2.e0" e2="26683626.s2.e1" id="26683626.s2.p0" relation="true"/>
  </sentence>
  <sentence id="26683626.s3" text="negative regulation of transcription, DNA-templated-1 mRNA expression was reduced in schizophrenia, and its transcript levels predicted that of positive regulation of antibacterial peptide production-1α-dependent targets in schizophrenia.">
    <entity charOffset="0-51" id="26683626.s3.e0" ontology_id="GO_0045892" text="negative regulation of transcription, DNA-templated" type="GO"/>
    <entity charOffset="85-98" id="26683626.s3.e1" ontology_id="HP_0100753" text="schizophrenia" type="HP"/>
    <entity charOffset="144-199" id="26683626.s3.e2" ontology_id="GO_0002803" text="positive regulation of antibacterial peptide production" type="GO"/>
    <pair e1="26683626.s3.e0" e2="26683626.s3.e1" id="26683626.s3.p0" relation="true"/>
    <pair e1="26683626.s3.e1" e2="26683626.s3.e2" id="26683626.s3.p1" relation="true"/>
  </sentence>
  <sentence id="26683626.s4" text="Interestingly, the positive correlation between positive regulation of antibacterial peptide production-1α and PV, Syt2, or exocytosis expression was lost in schizophrenia patients with low negative regulation of transcription, DNA-templated-1 expression, suggesting that NRF-1 is a critical predictor of these genes in disease.">
    <entity charOffset="48-103" id="26683626.s4.e0" ontology_id="GO_0002803" text="positive regulation of antibacterial peptide production" type="GO"/>
    <entity charOffset="124-134" id="26683626.s4.e1" ontology_id="GO_0006887" text="exocytosis" type="GO"/>
    <entity charOffset="158-171" id="26683626.s4.e2" ontology_id="HP_0100753" text="schizophrenia" type="HP"/>
    <entity charOffset="190-241" id="26683626.s4.e3" ontology_id="GO_0045892" text="negative regulation of transcription, DNA-templated" type="GO"/>
    <pair e1="26683626.s4.e0" e2="26683626.s4.e2" id="26683626.s4.p0" relation="true"/>
    <pair e1="26683626.s4.e1" e2="26683626.s4.e2" id="26683626.s4.p1" relation="true"/>
    <pair e1="26683626.s4.e2" e2="26683626.s4.e3" id="26683626.s4.p2" relation="true"/>
  </sentence>
  <sentence id="26683626.s5" text="These data suggest that schizophrenia involves a disruption in positive regulation of antibacterial peptide production-1α and/or negative regulation of transcription, DNA-templated-1-associated transcriptional programs in the cortex and that approaches to enhance the activity of PGC-1α or transcriptional regulators like NRF-1 should be considered with the goal of restoring normal gene programs and improving cortical function">
    <entity charOffset="24-37" id="26683626.s5.e0" ontology_id="HP_0100753" text="schizophrenia" type="HP"/>
    <entity charOffset="63-118" id="26683626.s5.e1" ontology_id="GO_0002803" text="positive regulation of antibacterial peptide production" type="GO"/>
    <entity charOffset="129-180" id="26683626.s5.e2" ontology_id="GO_0045892" text="negative regulation of transcription, DNA-templated" type="GO"/>
    <pair e1="26683626.s5.e0" e2="26683626.s5.e1" id="26683626.s5.p0" relation="true"/>
    <pair e1="26683626.s5.e0" e2="26683626.s5.e2" id="26683626.s5.p1" relation="true"/>
  </sentence>
</document>
