<?xml version="1.0" ?>
<document id="26715604">
  <sentence id="26715604.s0" text="Here we discuss 'congenital disorders of autophagy' as an emerging subclass of inborn errors of metabolism by using the examples of six recently identified monogenic diseases: nucleotide transport-related Vici syndrome, beta-propeller protein-associated neurodegeneration due to mutations in WDR45, autophagosome maturation-associated autosomal-recessive cerebellar ataxia and intellectual disability syndrome, and three forms of hereditary spastic paraplegia, chemical synaptic transmission, double-strand break repair via homologous recombination and omega-hydroxylase P450 pathway caused by SPG11, double-strand break repair via homologous recombination and autophagy mutations, respectively.">
    <entity charOffset="176-196" id="26715604.s0.e0" ontology_id="GO_0006862" text="nucleotide transport" type="GO"/>
    <entity charOffset="299-323" id="26715604.s0.e1" ontology_id="GO_0097352" text="autophagosome maturation" type="GO"/>
    <entity charOffset="355-372" id="26715604.s0.e2" ontology_id="HP_0001251" text="cerebellar ataxia" type="HP"/>
    <entity charOffset="377-400" id="26715604.s0.e3" ontology_id="HP_0001249" text="intellectual disability" type="HP"/>
    <entity charOffset="441-459" id="26715604.s0.e4" ontology_id="HP_0001258" text="spastic paraplegia" type="HP"/>
    <entity charOffset="461-491" id="26715604.s0.e5" ontology_id="GO_0007268" text="chemical synaptic transmission" type="GO"/>
    <entity charOffset="493-548" id="26715604.s0.e6" ontology_id="GO_0000724" text="double-strand break repair via homologous recombination" type="GO"/>
    <entity charOffset="553-583" id="26715604.s0.e7" ontology_id="GO_0097267" text="omega-hydroxylase P450 pathway" type="GO"/>
    <entity charOffset="601-656" id="26715604.s0.e8" ontology_id="GO_0000724" text="double-strand break repair via homologous recombination" type="GO"/>
    <entity charOffset="661-670" id="26715604.s0.e9" ontology_id="GO_0006914" text="autophagy" type="GO"/>
    <pair e1="26715604.s0.e0" e2="26715604.s0.e3" id="26715604.s0.p0" relation="false"/>
    <pair e1="26715604.s0.e0" e2="26715604.s0.e4" id="26715604.s0.p1" relation="true"/>
    <pair e1="26715604.s0.e1" e2="26715604.s0.e2" id="26715604.s0.p2" relation="true"/>
    <pair e1="26715604.s0.e1" e2="26715604.s0.e4" id="26715604.s0.p3" relation="false"/>
    <pair e1="26715604.s0.e2" e2="26715604.s0.e5" id="26715604.s0.p4" relation="true"/>
    <pair e1="26715604.s0.e2" e2="26715604.s0.e6" id="26715604.s0.p5" relation="true"/>
    <pair e1="26715604.s0.e2" e2="26715604.s0.e7" id="26715604.s0.p6" relation="true"/>
    <pair e1="26715604.s0.e2" e2="26715604.s0.e8" id="26715604.s0.p7" relation="true"/>
    <pair e1="26715604.s0.e3" e2="26715604.s0.e5" id="26715604.s0.p8" relation="false"/>
    <pair e1="26715604.s0.e3" e2="26715604.s0.e6" id="26715604.s0.p9" relation="false"/>
    <pair e1="26715604.s0.e3" e2="26715604.s0.e7" id="26715604.s0.p10" relation="false"/>
    <pair e1="26715604.s0.e3" e2="26715604.s0.e8" id="26715604.s0.p11" relation="true"/>
    <pair e1="26715604.s0.e3" e2="26715604.s0.e9" id="26715604.s0.p12" relation="true"/>
    <pair e1="26715604.s0.e4" e2="26715604.s0.e8" id="26715604.s0.p13" relation="true"/>
    <pair e1="26715604.s0.e4" e2="26715604.s0.e9" id="26715604.s0.p14" relation="true"/>
  </sentence>
</document>
