<?xml version="1.0" ?>
<document id="26758872">
  <sentence id="26758872.s0" text="Meesmann epithelial corneal dystrophy (MECD) is a rare autosomal dominant disorder caused by dominant-negative mutations within the KRT3 or visual perception genes, which encode the cytoskeletal protein keratins K3 and K12, respectively.">
    <entity charOffset="20-37" id="26758872.s0.e0" ontology_id="HP_0001131" text="corneal dystrophy" type="HP"/>
    <entity charOffset="140-157" id="26758872.s0.e1" ontology_id="GO_0007601" text="visual perception" type="GO"/>
    <pair e1="26758872.s0.e0" e2="26758872.s0.e1" id="26758872.s0.p0" relation="true"/>
  </sentence>
  <sentence id="26758872.s1" text="Although no overt changes in corneal opacity were detected by slit-regulation of autophagy examination, the corneas of homozygous mutant mice exhibited histological and ultrastructural epithelial cell fragility phenotypes.">
    <entity charOffset="29-44" id="26758872.s1.e0" ontology_id="HP_0007957" text="corneal opacity" type="HP"/>
    <entity charOffset="67-90" id="26758872.s1.e1" ontology_id="GO_0010506" text="regulation of autophagy" type="GO"/>
  </sentence>
  <sentence id="26758872.s2" text="Although the most severe phenotype is observed in the homozygous epidermis development, this model will still provide a test-bed for therapies not only for corneal dystrophies but also for other keratinopathies caused by similar mutations.">
    <entity charOffset="65-86" id="26758872.s2.e0" ontology_id="GO_0008544" text="epidermis development" type="GO"/>
    <entity charOffset="156-175" id="26758872.s2.e1" ontology_id="HP_0001131" text="corneal dystrophies" type="HP"/>
  </sentence>
</document>
