<?xml version="1.0" ?>
<document id="26751395">
  <sentence id="26751395.s0" text="Through whole-exome sequencing in six unrelated nonconsanguineous families having a sporadic case of intellectual disability, we identified six novel de novo truncating mutations in sister chromatid biorientation: c.1880C&amp;gt;G p.(Ser627*), c.1489C&amp;gt;T; p.(Arg497*), c.1876_1877delAG; p.(Ser626Leufs*4), c.1043G&amp;gt;A; p.(Trp348*), c.1002G&amp;gt;A; p.(Trp334*), and c.958_959delCC; p.(Pro320*).">
    <entity charOffset="101-124" id="26751395.s0.e0" ontology_id="HP_0001249" text="intellectual disability" type="HP"/>
    <entity charOffset="182-212" id="26751395.s0.e1" ontology_id="GO_0031134" text="sister chromatid biorientation" type="GO"/>
    <pair e1="26751395.s0.e0" e2="26751395.s0.e1" id="26751395.s0.p0" relation="true"/>
  </sentence>
  <sentence id="26751395.s1" text="These data suggest a pathogenic mechanism of the sister chromatid biorientation-associated intellectual disability syndrome mediated by direct interacting partners of CHAMP1, several of which are involved in chromo/kinetochore-related disorders.">
    <entity charOffset="49-79" id="26751395.s1.e0" ontology_id="GO_0031134" text="sister chromatid biorientation" type="GO"/>
    <entity charOffset="91-114" id="26751395.s1.e1" ontology_id="HP_0001249" text="intellectual disability" type="HP"/>
    <pair e1="26751395.s1.e0" e2="26751395.s1.e1" id="26751395.s1.p0" relation="true"/>
  </sentence>
</document>
