<?xml version="1.0" ?>
<document id="26840709">
  <sentence id="26840709.s0" text="Our findings suggest that DEGs encoding subunits of NADH, PRIM1, MCM3, protein phosphorylation, regulation of transcription, DNA-templated, RAF1, and interleukin-2-mediated signaling pathway might be associated with the development of lung adenocarcinoma.">
    <entity charOffset="71-94" id="26840709.s0.e0" ontology_id="GO_0006468" text="protein phosphorylation" type="GO"/>
    <entity charOffset="96-138" id="26840709.s0.e1" ontology_id="GO_0006355" text="regulation of transcription, DNA-templated" type="GO"/>
    <entity charOffset="150-190" id="26840709.s0.e2" ontology_id="GO_0038110" text="interleukin-2-mediated signaling pathway" type="GO"/>
    <entity charOffset="235-254" id="26840709.s0.e3" ontology_id="HP_0030078" text="lung adenocarcinoma" type="HP"/>
    <pair e1="26840709.s0.e0" e2="26840709.s0.e3" id="26840709.s0.p0" relation="true"/>
    <pair e1="26840709.s0.e1" e2="26840709.s0.e3" id="26840709.s0.p1" relation="true"/>
    <pair e1="26840709.s0.e2" e2="26840709.s0.e3" id="26840709.s0.p2" relation="true"/>
  </sentence>
</document>
