<?xml version="1.0" ?>
<document id="26929985">
  <sentence id="26929985.s0" text="These analyses revealed significantly higher methylation frequencies in high-grade tumors relative to low-intermediate-grade tumors for the ATP5G2, IRX1 and forebrain development genes (P&amp;lt;0.05), and similarly significant increases in mean levels of methylation in high-grade tumors for the ATP5G2, VAX2, actin cytoskeleton reorganization, somatic stem cell population maintenance, regulation of transcription by RNA polymerase II, negative regulation of transcription by RNA polymerase II, negative regulation of transcription by RNA polymerase II, and nucleosome assembly genes (P&amp;lt;0.05).">
    <entity charOffset="83-88" id="26929985.s0.e0" ontology_id="HP_0002664" text="tumor" type="HP"/>
    <entity charOffset="157-178" id="26929985.s0.e1" ontology_id="GO_0030900" text="forebrain development" type="GO"/>
    <entity charOffset="307-340" id="26929985.s0.e2" ontology_id="GO_0031532" text="actin cytoskeleton reorganization" type="GO"/>
    <entity charOffset="342-382" id="26929985.s0.e3" ontology_id="GO_0035019" text="somatic stem cell population maintenance" type="GO"/>
    <entity charOffset="384-432" id="26929985.s0.e4" ontology_id="GO_0006357" text="regulation of transcription by RNA polymerase II" type="GO"/>
    <entity charOffset="434-491" id="26929985.s0.e5" ontology_id="GO_0000122" text="negative regulation of transcription by RNA polymerase II" type="GO"/>
    <entity charOffset="493-550" id="26929985.s0.e6" ontology_id="GO_0000122" text="negative regulation of transcription by RNA polymerase II" type="GO"/>
    <entity charOffset="556-575" id="26929985.s0.e7" ontology_id="GO_0006334" text="nucleosome assembly" type="GO"/>
    <pair e1="26929985.s0.e0" e2="26929985.s0.e1" id="26929985.s0.p0" relation="true"/>
    <pair e1="26929985.s0.e0" e2="26929985.s0.e2" id="26929985.s0.p1" relation="true"/>
    <pair e1="26929985.s0.e0" e2="26929985.s0.e3" id="26929985.s0.p2" relation="true"/>
    <pair e1="26929985.s0.e0" e2="26929985.s0.e4" id="26929985.s0.p3" relation="true"/>
    <pair e1="26929985.s0.e0" e2="26929985.s0.e5" id="26929985.s0.p4" relation="false"/>
    <pair e1="26929985.s0.e0" e2="26929985.s0.e6" id="26929985.s0.p5" relation="true"/>
    <pair e1="26929985.s0.e0" e2="26929985.s0.e7" id="26929985.s0.p6" relation="true"/>
  </sentence>
</document>
