<?xml version="1.0" ?>
<document id="26960553">
  <sentence id="26960553.s0" text="Serine biosynthesis defects result from deficiencies in L-serine biosynthetic process, PSAT, or antimicrobial humoral response and have a broad phenotypic spectrum ranging from Neu-Laxova syndrome, a lethal multiple congenital anomaly disease at the severe end to a childhood disease with intellectual disability at the mild end, with infantile growth deficiency, and severe neurological manifestations as an intermediate phenotype.">
    <entity charOffset="56-85" id="26960553.s0.e0" ontology_id="GO_0006564" text="L-serine biosynthetic process" type="GO"/>
    <entity charOffset="96-126" id="26960553.s0.e1" ontology_id="GO_0019730" text="antimicrobial humoral response" type="GO"/>
    <entity charOffset="289-312" id="26960553.s0.e2" ontology_id="HP_0001249" text="intellectual disability" type="HP"/>
    <pair e1="26960553.s0.e0" e2="26960553.s0.e2" id="26960553.s0.p0" relation="true"/>
    <pair e1="26960553.s0.e1" e2="26960553.s0.e2" id="26960553.s0.p1" relation="true"/>
  </sentence>
  <sentence id="26960553.s1" text="The second was a neonate with growth deficiency, microcephaly, ichthyotic skin lesions, seizures, contractures, hypertonia, distinctive facial features, and a homozygous mutation in L-serine biosynthetic process.">
    <entity charOffset="49-61" id="26960553.s1.e0" ontology_id="HP_0000252" text="microcephaly" type="HP"/>
    <entity charOffset="88-96" id="26960553.s1.e1" ontology_id="HP_0001250" text="seizures" type="HP"/>
    <entity charOffset="112-122" id="26960553.s1.e2" ontology_id="HP_0001276" text="hypertonia" type="HP"/>
    <entity charOffset="182-211" id="26960553.s1.e3" ontology_id="GO_0006564" text="L-serine biosynthetic process" type="GO"/>
    <pair e1="26960553.s1.e0" e2="26960553.s1.e3" id="26960553.s1.p0" relation="true"/>
    <pair e1="26960553.s1.e1" e2="26960553.s1.e3" id="26960553.s1.p1" relation="true"/>
    <pair e1="26960553.s1.e2" e2="26960553.s1.e3" id="26960553.s1.p2" relation="true"/>
  </sentence>
</document>
