<?xml version="1.0" ?>
<document id="27062609">
  <sentence id="27062609.s0" text="In addition to a negative regulation of transcription, DNA-templated mutation in a patient with all core features of the congenital variant of negative regulation of gene expression, we identified a missense (p.Ser240Thr) in regulation of postsynapse organization in a patient who appeared to be seizure free.">
    <entity charOffset="17-68" id="27062609.s0.e0" ontology_id="GO_0045892" text="negative regulation of transcription, DNA-templated" type="GO"/>
    <entity charOffset="143-181" id="27062609.s0.e1" ontology_id="GO_0010629" text="negative regulation of gene expression" type="GO"/>
    <entity charOffset="225-263" id="27062609.s0.e2" ontology_id="GO_0099175" text="regulation of postsynapse organization" type="GO"/>
    <entity charOffset="296-303" id="27062609.s0.e3" ontology_id="HP_0001250" text="seizure" type="HP"/>
    <pair e1="27062609.s0.e0" e2="27062609.s0.e3" id="27062609.s0.p0" relation="true"/>
    <pair e1="27062609.s0.e1" e2="27062609.s0.e3" id="27062609.s0.p1" relation="true"/>
    <pair e1="27062609.s0.e2" e2="27062609.s0.e3" id="27062609.s0.p2" relation="true"/>
  </sentence>
  <sentence id="27062609.s1" text="Finally, exome sequencing enabled us to characterize a heterozygous de novo missense (p.Val408Ala) in potassium ion transmembrane transport encoding the potassium channel Kv 1.2 in a girl with infantile-onset seizures variant of negative regulation of gene expression.">
    <entity charOffset="102-139" id="27062609.s1.e0" ontology_id="GO_0071805" text="potassium ion transmembrane transport" type="GO"/>
    <entity charOffset="209-216" id="27062609.s1.e1" ontology_id="HP_0001250" text="seizure" type="HP"/>
    <entity charOffset="229-267" id="27062609.s1.e2" ontology_id="GO_0010629" text="negative regulation of gene expression" type="GO"/>
    <pair e1="27062609.s1.e0" e2="27062609.s1.e1" id="27062609.s1.p0" relation="true"/>
    <pair e1="27062609.s1.e1" e2="27062609.s1.e2" id="27062609.s1.p1" relation="true"/>
  </sentence>
</document>
