<?xml version="1.0" ?>
<document id="27177047">
  <sentence id="27177047.s0" text="Auditory neuropathy is a muscle organ development of hearing loss that constitutes a change in the conduct of the auditory stimulus by the involvement of inner hair cells or auditory nerve synapses.">
    <entity charOffset="25-49" id="27177047.s0.e0" ontology_id="GO_0007517" text="muscle organ development" type="GO"/>
    <entity charOffset="53-65" id="27177047.s0.e1" ontology_id="HP_0000365" text="hearing loss" type="HP"/>
  </sentence>
  <sentence id="27177047.s1" text="At present, four loci associated with non‑syndromic auditory neuropathy have been mapped: Autosomal recessive deafness‑9 [DFNB9; the otoferlin (synaptic vesicle exocytosis) gene] and autosomal recessive deafness‑59 [DFNB59; the pejvakin (biological_process) gene], associated with autosomal recessive inheritance; the autosomal dominant auditory neuropathy gene [AUNA1; the diaphanous‑3 (cytoskeleton organization) gene]; and AUNX1, linked to chromosome X.">
    <entity charOffset="61-71" id="27177047.s1.e0" ontology_id="HP_0009830" text="neuropathy" type="HP"/>
    <entity charOffset="110-118" id="27177047.s1.e1" ontology_id="HP_0000365" text="deafness" type="HP"/>
    <entity charOffset="144-171" id="27177047.s1.e2" ontology_id="GO_0016079" text="synaptic vesicle exocytosis" type="GO"/>
    <entity charOffset="238-256" id="27177047.s1.e3" ontology_id="GO_0008150" text="biological_process" type="GO"/>
    <entity charOffset="301-312" id="27177047.s1.e4" ontology_id="HP_0000005" text="inheritance" type="HP"/>
    <entity charOffset="388-413" id="27177047.s1.e5" ontology_id="GO_0007010" text="cytoskeleton organization" type="GO"/>
    <pair e1="27177047.s1.e0" e2="27177047.s1.e2" id="27177047.s1.p0" relation="true"/>
    <pair e1="27177047.s1.e0" e2="27177047.s1.e3" id="27177047.s1.p1" relation="true"/>
    <pair e1="27177047.s1.e0" e2="27177047.s1.e5" id="27177047.s1.p2" relation="true"/>
    <pair e1="27177047.s1.e1" e2="27177047.s1.e2" id="27177047.s1.p3" relation="false"/>
    <pair e1="27177047.s1.e1" e2="27177047.s1.e3" id="27177047.s1.p4" relation="true"/>
    <pair e1="27177047.s1.e2" e2="27177047.s1.e4" id="27177047.s1.p5" relation="false"/>
    <pair e1="27177047.s1.e3" e2="27177047.s1.e4" id="27177047.s1.p6" relation="true"/>
    <pair e1="27177047.s1.e4" e2="27177047.s1.e5" id="27177047.s1.p7" relation="true"/>
  </sentence>
  <sentence id="27177047.s2" text="synaptic vesicle exocytosis gene mutations exert a significant role in auditory neuropathy.">
    <entity charOffset="0-27" id="27177047.s2.e0" ontology_id="GO_0016079" text="synaptic vesicle exocytosis" type="GO"/>
    <entity charOffset="80-90" id="27177047.s2.e1" ontology_id="HP_0009830" text="neuropathy" type="HP"/>
    <pair e1="27177047.s2.e0" e2="27177047.s2.e1" id="27177047.s2.p0" relation="true"/>
  </sentence>
  <sentence id="27177047.s3" text="The identification of genetic alterations responsible for auditory neuropathy is one of the challenges contributing to understand the molecular bases of the different phenomuscle organ developments of hearing loss.">
    <entity charOffset="67-77" id="27177047.s3.e0" ontology_id="HP_0009830" text="neuropathy" type="HP"/>
    <entity charOffset="172-196" id="27177047.s3.e1" ontology_id="GO_0007517" text="muscle organ development" type="GO"/>
    <entity charOffset="201-213" id="27177047.s3.e2" ontology_id="HP_0000365" text="hearing loss" type="HP"/>
  </sentence>
  <sentence id="27177047.s4" text="Thus, the present study aimed to investigate molecular changes in the synaptic vesicle exocytosis gene in patients with auditory neuropathy, and to develop a DNA chip for the molecular diagnosis of auditory neuropathy using mass spectrometry for genotyping.">
    <entity charOffset="70-97" id="27177047.s4.e0" ontology_id="GO_0016079" text="synaptic vesicle exocytosis" type="GO"/>
    <entity charOffset="129-139" id="27177047.s4.e1" ontology_id="HP_0009830" text="neuropathy" type="HP"/>
    <pair e1="27177047.s4.e0" e2="27177047.s4.e1" id="27177047.s4.p0" relation="true"/>
  </sentence>
  <sentence id="27177047.s5" text="Genetic alterations were investigated in 47 patients with hearing loss and clinical diagnosis of auditory neuropathy, and the c.35delG mutation in the gap junction-mediated intercellular transport gene was identified in three homozygous patients, and the heterozygous parents of one of these cases.">
    <entity charOffset="58-70" id="27177047.s5.e0" ontology_id="HP_0000365" text="hearing loss" type="HP"/>
    <entity charOffset="106-116" id="27177047.s5.e1" ontology_id="HP_0009830" text="neuropathy" type="HP"/>
    <entity charOffset="151-196" id="27177047.s5.e2" ontology_id="GO_1990349" text="gap junction-mediated intercellular transport" type="GO"/>
    <pair e1="27177047.s5.e0" e2="27177047.s5.e2" id="27177047.s5.p0" relation="true"/>
    <pair e1="27177047.s5.e1" e2="27177047.s5.e2" id="27177047.s5.p1" relation="true"/>
  </sentence>
</document>
