<?xml version="1.0" ?>
<document id="27277385">
  <sentence id="27277385.s0" text="The condition was initially termed actin filament bundle assembly syndrome (macrocephaly, alopecia, cutis laxa, and scoliosis), based on the clinical features of the first identified family; however, with the expansion of the clinical phenotype in additional families, it was subsequently coined small GTPase mediated signal transduction syndrome.">
    <entity charOffset="35-65" id="27277385.s0.e0" ontology_id="GO_0051017" text="actin filament bundle assembly" type="GO"/>
    <entity charOffset="116-125" id="27277385.s0.e1" ontology_id="HP_0002650" text="scoliosis" type="HP"/>
    <entity charOffset="296-337" id="27277385.s0.e2" ontology_id="GO_0007264" text="small GTPase mediated signal transduction" type="GO"/>
    <pair e1="27277385.s0.e1" e2="27277385.s0.e2" id="27277385.s0.p0" relation="true"/>
  </sentence>
  <sentence id="27277385.s1" text="Patients with small GTPase mediated signal transduction syndrome present phenotypic overlap with other conditions, including EDS (especially the dermatosparaxis and kyphoscoliosis subtypes).">
    <entity charOffset="14-55" id="27277385.s1.e0" ontology_id="GO_0007264" text="small GTPase mediated signal transduction" type="GO"/>
    <entity charOffset="170-179" id="27277385.s1.e1" ontology_id="HP_0002650" text="scoliosis" type="HP"/>
    <pair e1="27277385.s1.e0" e2="27277385.s1.e1" id="27277385.s1.p0" relation="true"/>
  </sentence>
  <sentence id="27277385.s2" text="Besides the hallmark features, this patient also presents problems not previously associated with small GTPase mediated signal transduction syndrome, including cervical vertebral fusion, mild hearing loss, and colonic fibrosis.">
    <entity charOffset="98-139" id="27277385.s2.e0" ontology_id="GO_0007264" text="small GTPase mediated signal transduction" type="GO"/>
    <entity charOffset="160-185" id="27277385.s2.e1" ontology_id="HP_0002949" text="cervical vertebral fusion" type="HP"/>
    <pair e1="27277385.s2.e0" e2="27277385.s2.e1" id="27277385.s2.p0" relation="true"/>
  </sentence>
</document>
