<?xml version="1.0" ?>
<document id="27312022">
  <sentence id="27312022.s0" text="Mutations in regulation of membrane potential lead to various neuromuscular phenotypes with partial overlap, including limb girdle muscular dystrophy type 1C (regulation of membrane potential), rippling muscle disease, distal myopathy and isolated hyperCKemia.">
    <entity charOffset="13-45" id="27312022.s0.e0" ontology_id="GO_0042391" text="regulation of membrane potential" type="GO"/>
    <entity charOffset="119-149" id="27312022.s0.e1" ontology_id="HP_0006785" text="limb girdle muscular dystrophy" type="HP"/>
    <entity charOffset="159-191" id="27312022.s0.e2" ontology_id="GO_0042391" text="regulation of membrane potential" type="GO"/>
    <entity charOffset="219-225" id="27312022.s0.e3" ontology_id="HP_0012839" text="distal" type="HP"/>
    <pair e1="27312022.s0.e0" e2="27312022.s0.e1" id="27312022.s0.p0" relation="true"/>
    <pair e1="27312022.s0.e0" e2="27312022.s0.e3" id="27312022.s0.p1" relation="true"/>
    <pair e1="27312022.s0.e2" e2="27312022.s0.e3" id="27312022.s0.p2" relation="true"/>
  </sentence>
  <sentence id="27312022.s1" text="This case series demonstrates that exercise intolerance, myalgia and rhabdomyolysis may be caused by regulation of membrane potential mutations and broadens the phenotypic spectrum of caveolinopathies.">
    <entity charOffset="69-83" id="27312022.s1.e0" ontology_id="HP_0003201" text="rhabdomyolysis" type="HP"/>
    <entity charOffset="101-133" id="27312022.s1.e1" ontology_id="GO_0042391" text="regulation of membrane potential" type="GO"/>
    <pair e1="27312022.s1.e0" e2="27312022.s1.e1" id="27312022.s1.p0" relation="true"/>
  </sentence>
</document>
