<?xml version="1.0" ?>
<document id="27449089">
  <sentence id="27449089.s0" text="Previous work has demonstrated the effectiveness of inhibiting DNA damage checkpoint with small-molecule inhibitors, but the role of CHK1 mediated DDR in medulloblastoma is unknown.">
    <entity charOffset="63-84" id="27449089.s0.e0" ontology_id="GO_0000077" text="DNA damage checkpoint" type="GO"/>
    <entity charOffset="154-169" id="27449089.s0.e1" ontology_id="HP_0002885" text="medulloblastoma" type="HP"/>
    <pair e1="27449089.s0.e0" e2="27449089.s0.e1" id="27449089.s0.p0" relation="true"/>
  </sentence>
  <sentence id="27449089.s1" text="Overall, our results demonstrate that small-molecule inhibition of DNA damage checkpoint in combination with, cisplatin, is more advantageous than either treatment alone, especially for Group 3 medulloblastoma, and therefore this combined therapeutic approach serves as an avenue for further investigation">
    <entity charOffset="67-88" id="27449089.s1.e0" ontology_id="GO_0000077" text="DNA damage checkpoint" type="GO"/>
    <entity charOffset="194-209" id="27449089.s1.e1" ontology_id="HP_0002885" text="medulloblastoma" type="HP"/>
    <pair e1="27449089.s1.e0" e2="27449089.s1.e1" id="27449089.s1.p0" relation="true"/>
  </sentence>
</document>
