<?xml version="1.0" ?>
<document id="27507850">
  <sentence id="27507850.s0" text="In addition, inactivation of the tumor suppressor retinoblastoma 1 (RB1), reflected by G1/S transition of mitotic cell cycle/positive regulation of cell-matrix adhesion-inactivating phosphorylation of RB1 at T356, inversely correlated with expression of positive regulation of protein phosphorylation in patient HNSCC samples.">
    <entity charOffset="33-38" id="27507850.s0.e0" ontology_id="HP_0002664" text="tumor" type="HP"/>
    <entity charOffset="50-64" id="27507850.s0.e1" ontology_id="HP_0009919" text="retinoblastoma" type="HP"/>
    <entity charOffset="87-124" id="27507850.s0.e2" ontology_id="GO_0000082" text="G1/S transition of mitotic cell cycle" type="GO"/>
    <entity charOffset="125-168" id="27507850.s0.e3" ontology_id="GO_0001954" text="positive regulation of cell-matrix adhesion" type="GO"/>
    <entity charOffset="254-300" id="27507850.s0.e4" ontology_id="GO_0001934" text="positive regulation of protein phosphorylation" type="GO"/>
    <pair e1="27507850.s0.e0" e2="27507850.s0.e4" id="27507850.s0.p0" relation="true"/>
    <pair e1="27507850.s0.e0" e2="27507850.s0.e2" id="27507850.s0.p1" relation="true"/>
    <pair e1="27507850.s0.e0" e2="27507850.s0.e3" id="27507850.s0.p2" relation="true"/>
    <pair e1="27507850.s0.e1" e2="27507850.s0.e2" id="27507850.s0.p3" relation="true"/>
    <pair e1="27507850.s0.e1" e2="27507850.s0.e3" id="27507850.s0.p4" relation="true"/>
  </sentence>
</document>
