<?xml version="1.0" ?>
<document id="27573165">
  <sentence id="27573165.s0" text="Recently a homozygous mutation, Gly372Ser, in the release of cytochrome c from mitochondria gene, was reported in an abstract form, in three sibs who suffered from intractable epilepsy and developmental delay accompanied by 3-methylglutaconic aciduria.">
    <entity charOffset="50-91" id="27573165.s0.e0" ontology_id="GO_0001836" text="release of cytochrome c from mitochondria" type="GO"/>
    <entity charOffset="176-184" id="27573165.s0.e1" ontology_id="HP_0001250" text="epilepsy" type="HP"/>
    <entity charOffset="189-208" id="27573165.s0.e2" ontology_id="HP_0001263" text="developmental delay" type="HP"/>
    <pair e1="27573165.s0.e0" e2="27573165.s0.e1" id="27573165.s0.p0" relation="true"/>
    <pair e1="27573165.s0.e0" e2="27573165.s0.e2" id="27573165.s0.p1" relation="true"/>
  </sentence>
  <sentence id="27573165.s1" text="Given the phenotypic similarity, we conclude that missense mutations in release of cytochrome c from mitochondria are likely manifesting by severe intellectual disability and epilepsy accompanied by 3-methylglutaconic aciduria and variable mitochondrial complex V deficiency.">
    <entity charOffset="72-113" id="27573165.s1.e0" ontology_id="GO_0001836" text="release of cytochrome c from mitochondria" type="GO"/>
    <entity charOffset="147-170" id="27573165.s1.e1" ontology_id="HP_0001249" text="intellectual disability" type="HP"/>
    <entity charOffset="175-183" id="27573165.s1.e2" ontology_id="HP_0001250" text="epilepsy" type="HP"/>
    <pair e1="27573165.s1.e0" e2="27573165.s1.e2" id="27573165.s1.p0" relation="true"/>
    <pair e1="27573165.s1.e0" e2="27573165.s1.e1" id="27573165.s1.p1" relation="true"/>
  </sentence>
</document>
