<?xml version="1.0" ?>
<document id="27581786">
  <sentence id="27581786.s0" text="High expression of Chemokine receptor 4 (G protein-coupled receptor signaling pathway) is important in tumor invasion, metastasis, drug-resistance and maintenance of stemness in non-small cell lung cancer (NSCLC).">
    <entity charOffset="41-85" id="27581786.s0.e0" ontology_id="GO_0007186" text="G protein-coupled receptor signaling pathway" type="GO"/>
    <entity charOffset="103-108" id="27581786.s0.e1" ontology_id="HP_0002664" text="tumor" type="HP"/>
    <pair e1="27581786.s0.e0" e2="27581786.s0.e1" id="27581786.s0.p0" relation="true"/>
  </sentence>
  <sentence id="27581786.s1" text="We therefore studied the molecular characteristics of drug-resistant G protein-coupled receptor signaling pathway-positive cells on epithelial-mesenchymal transition (cytokine production) for the future identification of the tumor cells with the properties of both EMT and stemness.">
    <entity charOffset="69-113" id="27581786.s1.e0" ontology_id="GO_0007186" text="G protein-coupled receptor signaling pathway" type="GO"/>
    <entity charOffset="167-186" id="27581786.s1.e1" ontology_id="GO_0001816" text="cytokine production" type="GO"/>
    <entity charOffset="225-230" id="27581786.s1.e2" ontology_id="HP_0002664" text="tumor" type="HP"/>
    <pair e1="27581786.s1.e0" e2="27581786.s1.e2" id="27581786.s1.p0" relation="true"/>
  </sentence>
</document>
