<?xml version="1.0" ?>
<document id="27588451">
  <sentence id="27588451.s0" text="Cone-mitotic cell cycle checkpoint degeneration (positive regulation of transcription by RNA polymerase II) belongs to the disease spectrum of retinal degenerations, a group of hereditary disorders characterized by an extreme clinical and genetic heterogeneity.">
    <entity charOffset="5-34" id="27588451.s0.e0" ontology_id="GO_0007093" text="mitotic cell cycle checkpoint" type="GO"/>
    <entity charOffset="49-106" id="27588451.s0.e1" ontology_id="GO_0045944" text="positive regulation of transcription by RNA polymerase II" type="GO"/>
    <entity charOffset="143-164" id="27588451.s0.e2" ontology_id="HP_0000546" text="retinal degenerations" type="HP"/>
    <pair e1="27588451.s0.e0" e2="27588451.s0.e2" id="27588451.s0.p0" relation="true"/>
    <pair e1="27588451.s0.e1" e2="27588451.s0.e2" id="27588451.s0.p1" relation="true"/>
  </sentence>
  <sentence id="27588451.s1" text="It mainly differentiates from other retinal dystrophies, and in particular from the more frequent disease retinitis pigmentosa, because cone photoreceptors degenerate at a higher rate than mitotic cell cycle checkpoint photoreceptors, causing severe deficiency of central vision.">
    <entity charOffset="36-55" id="27588451.s1.e0" ontology_id="HP_0000556" text="retinal dystrophies" type="HP"/>
    <entity charOffset="189-218" id="27588451.s1.e1" ontology_id="GO_0007093" text="mitotic cell cycle checkpoint" type="GO"/>
  </sentence>
  <sentence id="27588451.s2" text="In addition to positive regulation of transcription by RNA polymerase II, these three individuals had hearing loss or hearing deficit.">
    <entity charOffset="15-72" id="27588451.s2.e0" ontology_id="GO_0045944" text="positive regulation of transcription by RNA polymerase II" type="GO"/>
    <entity charOffset="102-114" id="27588451.s2.e1" ontology_id="HP_0000365" text="hearing loss" type="HP"/>
  </sentence>
  <sentence id="27588451.s3" text="Interaction studies also showed that cilium organization binds to positive regulation of protein acetylation, another ciliary protein associated with retinal degeneration.">
    <entity charOffset="37-56" id="27588451.s3.e0" ontology_id="GO_0044782" text="cilium organization" type="GO"/>
    <entity charOffset="66-108" id="27588451.s3.e1" ontology_id="GO_1901985" text="positive regulation of protein acetylation" type="GO"/>
    <entity charOffset="150-170" id="27588451.s3.e2" ontology_id="HP_0000546" text="retinal degeneration" type="HP"/>
    <pair e1="27588451.s3.e0" e2="27588451.s3.e2" id="27588451.s3.p0" relation="true"/>
    <pair e1="27588451.s3.e1" e2="27588451.s3.e2" id="27588451.s3.p1" relation="true"/>
  </sentence>
  <sentence id="27588451.s4" text="Altogether, our data strongly suggest that mutations in cilium organization cause a previously undescribed clinical entity of a ciliary nature characterized by blindness and deafness but clearly distinct from Usher syndrome, a condition for which visual impairment is due to retinitis pigmentosa.">
    <entity charOffset="56-75" id="27588451.s4.e0" ontology_id="GO_0044782" text="cilium organization" type="GO"/>
    <entity charOffset="247-264" id="27588451.s4.e1" ontology_id="HP_0000505" text="visual impairment" type="HP"/>
    <pair e1="27588451.s4.e0" e2="27588451.s4.e1" id="27588451.s4.p0" relation="true"/>
  </sentence>
</document>
