<?xml version="1.0" ?>
<document id="27601211">
  <sentence id="27601211.s0" text="We established a genetic diagnosis in six families with autosomal recessive HSP (chemical synaptic transmission in three families and ER to Golgi vesicle-mediated transport/ER to Golgi vesicle-mediated transport, negative regulation of inclusion body assembly and positive regulation of GTPase activity in one family each).">
    <entity charOffset="56-75" id="27601211.s0.e0" ontology_id="HP_0000007" text="autosomal recessive" type="HP"/>
    <entity charOffset="81-111" id="27601211.s0.e1" ontology_id="GO_0007268" text="chemical synaptic transmission" type="GO"/>
    <entity charOffset="134-172" id="27601211.s0.e2" ontology_id="GO_0006888" text="ER to Golgi vesicle-mediated transport" type="GO"/>
    <entity charOffset="173-211" id="27601211.s0.e3" ontology_id="GO_0006888" text="ER to Golgi vesicle-mediated transport" type="GO"/>
    <entity charOffset="213-259" id="27601211.s0.e4" ontology_id="GO_0090084" text="negative regulation of inclusion body assembly" type="GO"/>
    <entity charOffset="264-302" id="27601211.s0.e5" ontology_id="GO_0043547" text="positive regulation of GTPase activity" type="GO"/>
    <pair e1="27601211.s0.e0" e2="27601211.s0.e1" id="27601211.s0.p0" relation="true"/>
    <pair e1="27601211.s0.e0" e2="27601211.s0.e2" id="27601211.s0.p1" relation="true"/>
    <pair e1="27601211.s0.e0" e2="27601211.s0.e3" id="27601211.s0.p2" relation="true"/>
    <pair e1="27601211.s0.e0" e2="27601211.s0.e4" id="27601211.s0.p3" relation="true"/>
    <pair e1="27601211.s0.e0" e2="27601211.s0.e5" id="27601211.s0.p4" relation="true"/>
  </sentence>
  <sentence id="27601211.s1" text="Patients did not present with visual impairment as observed in a previously reported ER to Golgi vesicle-mediated transport family (c.316C&amp;gt;T (p.(Arg106Cys)) in coiled-coil domain), suggesting unique contributions of the PB1 and coiled-coil domains in TFG complex formation/function and a possible phenomuscle organ development correlation to variant location.">
    <entity charOffset="30-47" id="27601211.s1.e0" ontology_id="HP_0000505" text="visual impairment" type="HP"/>
    <entity charOffset="85-123" id="27601211.s1.e1" ontology_id="GO_0006888" text="ER to Golgi vesicle-mediated transport" type="GO"/>
    <entity charOffset="305-329" id="27601211.s1.e2" ontology_id="GO_0007517" text="muscle organ development" type="GO"/>
    <pair e1="27601211.s1.e0" e2="27601211.s1.e1" id="27601211.s1.p0" relation="true"/>
  </sentence>
</document>
