<?xml version="1.0" ?>
<document id="27746184">
  <sentence id="27746184.s0" text="Therefore, we evaluated the roles of peptidyl-serine phosphorylation, regulation of double-strand break repair via homologous recombination, and phosphorylated SIRT6 and their relationships in breast carcinoma.">
    <entity charOffset="37-68" id="27746184.s0.e0" ontology_id="GO_0018105" text="peptidyl-serine phosphorylation" type="GO"/>
    <entity charOffset="70-139" id="27746184.s0.e1" ontology_id="GO_0010569" text="regulation of double-strand break repair via homologous recombination" type="GO"/>
    <entity charOffset="193-209" id="27746184.s0.e2" ontology_id="HP_0003002" text="breast carcinoma" type="HP"/>
    <pair e1="27746184.s0.e0" e2="27746184.s0.e2" id="27746184.s0.p0" relation="true"/>
    <pair e1="27746184.s0.e1" e2="27746184.s0.e2" id="27746184.s0.p1" relation="true"/>
  </sentence>
  <sentence id="27746184.s1" text="Inhibition of peptidyl-serine phosphorylation decreased the proliferative and invasive activity of cancer cells.">
    <entity charOffset="14-45" id="27746184.s1.e0" ontology_id="GO_0018105" text="peptidyl-serine phosphorylation" type="GO"/>
    <entity charOffset="99-105" id="27746184.s1.e1" ontology_id="HP_0002664" text="cancer" type="HP"/>
    <pair e1="27746184.s1.e0" e2="27746184.s1.e1" id="27746184.s1.p0" relation="true"/>
  </sentence>
  <sentence id="27746184.s2" text="Knockdown of regulation of double-strand break repair via homologous recombination decreased the proliferation and invasiveness of cancer cells.">
    <entity charOffset="13-82" id="27746184.s2.e0" ontology_id="GO_0010569" text="regulation of double-strand break repair via homologous recombination" type="GO"/>
    <entity charOffset="131-137" id="27746184.s2.e1" ontology_id="HP_0002664" text="cancer" type="HP"/>
    <pair e1="27746184.s2.e0" e2="27746184.s2.e1" id="27746184.s2.p0" relation="true"/>
  </sentence>
</document>
