<?xml version="1.0" ?>
<document id="27863507">
  <sentence id="27863507.s0" text="Mutations in the gene encoding the nuclear matrix protein Matrin 3 have been found in familial cases of signal transduction, as well as autosomal dominant distal myopathy with vocal cord and pharyngeal weakness.">
    <entity charOffset="104-123" id="27863507.s0.e0" ontology_id="GO_0007165" text="signal transduction" type="GO"/>
    <entity charOffset="155-161" id="27863507.s0.e1" ontology_id="HP_0012839" text="distal" type="HP"/>
    <entity charOffset="162-170" id="27863507.s0.e2" ontology_id="HP_0003198" text="myopathy" type="HP"/>
  </sentence>
  <sentence id="27863507.s1" text="We previously found that spinal cord and muscle, organs involved in either signal transduction or distal myopathy, have relatively lower levels of Matrin 3 compared to the brain and other peripheral organs in the murine system.">
    <entity charOffset="75-94" id="27863507.s1.e0" ontology_id="GO_0007165" text="signal transduction" type="GO"/>
    <entity charOffset="105-113" id="27863507.s1.e1" ontology_id="HP_0003198" text="myopathy" type="HP"/>
    <pair e1="27863507.s1.e0" e2="27863507.s1.e1" id="27863507.s1.p0" relation="true"/>
  </sentence>
</document>
