<?xml version="1.0" ?>
<document id="27925179">
  <sentence id="27925179.s0" text="protein phosphorylation overexpression promotes tumorigenesis and is associated with poor prognosis in several cancers.">
    <entity charOffset="0-23" id="27925179.s0.e0" ontology_id="GO_0006468" text="protein phosphorylation" type="GO"/>
    <entity charOffset="48-53" id="27925179.s0.e1" ontology_id="HP_0002664" text="tumor" type="HP"/>
    <pair e1="27925179.s0.e0" e2="27925179.s0.e1" id="27925179.s0.p0" relation="true"/>
  </sentence>
  <sentence id="27925179.s1" text="Increased protein phosphorylation expression during the late pathological stage has been detected in the Oncomine liver dataset and hepatocellular carcinoma (phosphatidylinositol phosphorylation) specimens.">
    <entity charOffset="10-33" id="27925179.s1.e0" ontology_id="GO_0006468" text="protein phosphorylation" type="GO"/>
    <entity charOffset="132-156" id="27925179.s1.e1" ontology_id="HP_0001402" text="hepatocellular carcinoma" type="HP"/>
    <entity charOffset="158-194" id="27925179.s1.e2" ontology_id="GO_0046854" text="phosphatidylinositol phosphorylation" type="GO"/>
    <pair e1="27925179.s1.e0" e2="27925179.s1.e1" id="27925179.s1.p0" relation="true"/>
    <pair e1="27925179.s1.e1" e2="27925179.s1.e2" id="27925179.s1.p1" relation="true"/>
  </sentence>
  <sentence id="27925179.s2" text="However, the precise roles and mechanisms of protein phosphorylation in liver cancer progression remain largely unknown.">
    <entity charOffset="45-68" id="27925179.s2.e0" ontology_id="GO_0006468" text="protein phosphorylation" type="GO"/>
    <entity charOffset="78-84" id="27925179.s2.e1" ontology_id="HP_0002664" text="cancer" type="HP"/>
    <pair e1="27925179.s2.e0" e2="27925179.s2.e1" id="27925179.s2.p0" relation="true"/>
  </sentence>
  <sentence id="27925179.s3" text="Results from the current study showed that protein phosphorylation mediates tumor growth, metastasis and angiogenesis in vivo.">
    <entity charOffset="43-66" id="27925179.s3.e0" ontology_id="GO_0006468" text="protein phosphorylation" type="GO"/>
    <entity charOffset="76-81" id="27925179.s3.e1" ontology_id="HP_0002664" text="tumor" type="HP"/>
    <pair e1="27925179.s3.e0" e2="27925179.s3.e1" id="27925179.s3.p0" relation="true"/>
  </sentence>
  <sentence id="27925179.s4" text="Moreover, protein phosphorylation mediated liver cancer cell migration via ppositive regulation of protein phosphorylation/peripheral nervous system development-κB signaling and matrix metalloproteinase (MMP) activation.">
    <entity charOffset="10-33" id="27925179.s4.e0" ontology_id="GO_0006468" text="protein phosphorylation" type="GO"/>
    <entity charOffset="49-55" id="27925179.s4.e1" ontology_id="HP_0002664" text="cancer" type="HP"/>
    <entity charOffset="76-122" id="27925179.s4.e2" ontology_id="GO_0001934" text="positive regulation of protein phosphorylation" type="GO"/>
    <entity charOffset="123-160" id="27925179.s4.e3" ontology_id="GO_0007422" text="peripheral nervous system development" type="GO"/>
    <pair e1="27925179.s4.e0" e2="27925179.s4.e1" id="27925179.s4.p0" relation="true"/>
    <pair e1="27925179.s4.e1" e2="27925179.s4.e2" id="27925179.s4.p1" relation="true"/>
    <pair e1="27925179.s4.e1" e2="27925179.s4.e3" id="27925179.s4.p2" relation="true"/>
  </sentence>
</document>
