<?xml version="1.0" ?>
<document id="28036274">
  <sentence id="28036274.s0" text="Furthermore, we identified several unreported tissue-specific TFs that may contribute to breast cancer, including positive regulation of endothelial cell differentiation, biological_process, negative regulation of transcription by RNA polymerase II and ZNF367.">
    <entity charOffset="96-102" id="28036274.s0.e0" ontology_id="HP_0002664" text="cancer" type="HP"/>
    <entity charOffset="114-169" id="28036274.s0.e1" ontology_id="GO_0045603" text="positive regulation of endothelial cell differentiation" type="GO"/>
    <entity charOffset="171-189" id="28036274.s0.e2" ontology_id="GO_0008150" text="biological_process" type="GO"/>
    <entity charOffset="191-248" id="28036274.s0.e3" ontology_id="GO_0000122" text="negative regulation of transcription by RNA polymerase II" type="GO"/>
    <pair e1="28036274.s0.e0" e2="28036274.s0.e1" id="28036274.s0.p0" relation="true"/>
    <pair e1="28036274.s0.e0" e2="28036274.s0.e2" id="28036274.s0.p1" relation="true"/>
    <pair e1="28036274.s0.e0" e2="28036274.s0.e3" id="28036274.s0.p2" relation="true"/>
  </sentence>
</document>
