<?xml version="1.0" ?>
<document id="28053051">
  <sentence id="28053051.s0" text="Mutations in peripherin 2 (cell adhesion), also known as retinal degeneration slow/RDS, lead to various retinal degenerations including retinitis pigmentosa (RP) and macular/pattern dystrophy (MD/PD).">
    <entity charOffset="27-40" id="28053051.s0.e0" ontology_id="GO_0007155" text="cell adhesion" type="GO"/>
    <entity charOffset="57-77" id="28053051.s0.e1" ontology_id="HP_0000546" text="retinal degeneration" type="HP"/>
    <pair e1="28053051.s0.e0" e2="28053051.s0.e1" id="28053051.s0.p0" relation="true"/>
  </sentence>
  <sentence id="28053051.s1" text="We asked whether cell adhesion could modify the phenotype of a cell adhesion mutation associated with a high degree of intrafamilial phenotypic heterogeneity: Y141C.">
    <entity charOffset="17-30" id="28053051.s1.e0" ontology_id="GO_0007155" text="cell adhesion" type="GO"/>
    <entity charOffset="63-76" id="28053051.s1.e1" ontology_id="GO_0007155" text="cell adhesion" type="GO"/>
    <entity charOffset="144-157" id="28053051.s1.e2" ontology_id="HP_0001425" text="heterogeneity" type="HP"/>
    <pair e1="28053051.s1.e0" e2="28053051.s1.e2" id="28053051.s1.p0" relation="true"/>
    <pair e1="28053051.s1.e1" e2="28053051.s1.e2" id="28053051.s1.p1" relation="true"/>
  </sentence>
</document>
