<?xml version="1.0" ?>
<document id="28054444">
  <sentence id="28054444.s0" text="A heterozygous nonsense variant was identified in negative regulation of transcription by RNA polymerase II, antagonist of protein polyubiquitination, 1 (negative regulation of transcription by RNA polymerase II) via whole-exome sequencing in family members with imperforate anus, structural renal abnormalities, genitourinary anomalies, and/or ear anomalies.">
    <entity charOffset="50-107" id="28054444.s0.e0" ontology_id="GO_0000122" text="negative regulation of transcription by RNA polymerase II" type="GO"/>
    <entity charOffset="123-149" id="28054444.s0.e1" ontology_id="GO_0000209" text="protein polyubiquitination" type="GO"/>
    <entity charOffset="154-211" id="28054444.s0.e2" ontology_id="GO_0000122" text="negative regulation of transcription by RNA polymerase II" type="GO"/>
    <entity charOffset="263-279" id="28054444.s0.e3" ontology_id="HP_0002023" text="imperforate anus" type="HP"/>
    <entity charOffset="345-358" id="28054444.s0.e4" ontology_id="HP_0000598" text="ear anomalies" type="HP"/>
    <pair e1="28054444.s0.e0" e2="28054444.s0.e4" id="28054444.s0.p0" relation="true"/>
    <pair e1="28054444.s0.e1" e2="28054444.s0.e3" id="28054444.s0.p1" relation="true"/>
    <pair e1="28054444.s0.e1" e2="28054444.s0.e4" id="28054444.s0.p2" relation="true"/>
    <pair e1="28054444.s0.e2" e2="28054444.s0.e3" id="28054444.s0.p3" relation="true"/>
    <pair e1="28054444.s0.e2" e2="28054444.s0.e4" id="28054444.s0.p4" relation="true"/>
  </sentence>
  <sentence id="28054444.s1" text="The negative regulation of transcription by RNA polymerase II c.1256G&amp;gt;A;p.Trp419&lt;sup&gt;*&lt;/sup&gt; variant segregated appropriately in the family consistent with an autosomal dominant mode of inheritance.">
    <entity charOffset="4-61" id="28054444.s1.e0" ontology_id="GO_0000122" text="negative regulation of transcription by RNA polymerase II" type="GO"/>
    <entity charOffset="181-200" id="28054444.s1.e1" ontology_id="HP_0000005" text="mode of inheritance" type="HP"/>
    <pair e1="28054444.s1.e0" e2="28054444.s1.e1" id="28054444.s1.p0" relation="true"/>
  </sentence>
  <sentence id="28054444.s2" text="negative regulation of transcription by RNA polymerase II is a member of the Wnt-signaling pathway, and epidermis development homozygous for null alleles display multiple congenital anomalies including absent anus with blind-ending colon and genitourinary malformations.">
    <entity charOffset="0-57" id="28054444.s2.e0" ontology_id="GO_0000122" text="negative regulation of transcription by RNA polymerase II" type="GO"/>
    <entity charOffset="104-125" id="28054444.s2.e1" ontology_id="GO_0008544" text="epidermis development" type="GO"/>
    <entity charOffset="202-213" id="28054444.s2.e2" ontology_id="HP_0002023" text="absent anus" type="HP"/>
    <pair e1="28054444.s2.e0" e2="28054444.s2.e2" id="28054444.s2.p0" relation="true"/>
    <pair e1="28054444.s2.e1" e2="28054444.s2.e2" id="28054444.s2.p1" relation="false"/>
  </sentence>
</document>
