<?xml version="1.0" ?>
<document id="28052027">
  <sentence id="28052027.s0" text="On these bases, we investigated whether the ligation of ERβ by a selective agonist, the 2,3-bis(4-hydroxyphenyl)-propionitrile (DPN), could negative regulation of transcription by RNA polymerase II HL tumor growth.">
    <entity charOffset="140-197" id="28052027.s0.e0" ontology_id="GO_0000122" text="negative regulation of transcription by RNA polymerase II" type="GO"/>
    <entity charOffset="201-206" id="28052027.s0.e1" ontology_id="HP_0002664" text="tumor" type="HP"/>
    <pair e1="28052027.s0.e0" e2="28052027.s0.e1" id="28052027.s0.p0" relation="true"/>
  </sentence>
  <sentence id="28052027.s1" text="In nonobese diabetic/severe combined immunodeficient (NOD/SCID) epidermis development engrafted with HL cells, ERβ activation by DPN was able to reduce lymphoma growth up to 60% and this associated with the induction of tumor cell autophagy.">
    <entity charOffset="64-85" id="28052027.s1.e0" ontology_id="GO_0008544" text="epidermis development" type="GO"/>
    <entity charOffset="220-225" id="28052027.s1.e1" ontology_id="HP_0002664" text="tumor" type="HP"/>
    <pair e1="28052027.s1.e0" e2="28052027.s1.e1" id="28052027.s1.p0" relation="false"/>
  </sentence>
  <sentence id="28052027.s2" text="After ERβ activation, both regulation of autophagy and protein 1 light chain 3 (LC3), a key actor in the autophagosome formation, strictly interacted each other and localized at mitochondrial level.Altogether these results suggest that targeting ERβ with selective agonists might affect HL cell proliferation and tumor growth via a mechanism that brings into play DRAM2-dependent autophagic cascade">
    <entity charOffset="27-50" id="28052027.s2.e0" ontology_id="GO_0010506" text="regulation of autophagy" type="GO"/>
    <entity charOffset="313-318" id="28052027.s2.e1" ontology_id="HP_0002664" text="tumor" type="HP"/>
    <pair e1="28052027.s2.e0" e2="28052027.s2.e1" id="28052027.s2.p0" relation="true"/>
  </sentence>
</document>
