<?xml version="1.0" ?>
<document id="28179442">
  <sentence id="28179442.s0" text="Asthma is characterised by heterogeneous clinical phenomuscle organ developments.">
    <entity charOffset="27-40" id="28179442.s0.e0" ontology_id="HP_0001425" text="heterogeneous" type="HP"/>
    <entity charOffset="55-79" id="28179442.s0.e1" ontology_id="GO_0007517" text="muscle organ development" type="GO"/>
  </sentence>
  <sentence id="28179442.s1" text="Our objective was to determine molecular phenomuscle organ developments of asthma by analysing sputum cell transcriptomics from 104 moderate-to-severe asthmatic subjects and 16 nonasthmatic subjects.After filtering on the differentially expressed genes between eosinophil- and noneosinophil-associated sputum inflammation, we used unbiased hierarchical clustering on 508 differentially expressed genes and gene set variation analysis of specific gene sets.We defined three transcriptome-associated clusters (TACs): positive regulation of cytosolic calcium ion concentration (characterised by immune receptors &lt;i&gt;IL33R&lt;/i&gt;, &lt;i&gt;CCR3&lt;/i&gt; and &lt;i&gt;TSLPR&lt;/i&gt;), positive regulation of cytosolic calcium ion concentration (characterised by interferon-, tumour necrosis factor-α- and inflammasome-associated genes) and G protein-coupled receptor signaling pathway (characterised by genes of metabolic pathways, ubiquitination and mitochondrial function).">
    <entity charOffset="46-70" id="28179442.s1.e0" ontology_id="GO_0007517" text="muscle organ development" type="GO"/>
    <entity charOffset="515-573" id="28179442.s1.e1" ontology_id="GO_0007204" text="positive regulation of cytosolic calcium ion concentration" type="GO"/>
    <entity charOffset="654-712" id="28179442.s1.e2" ontology_id="GO_0007204" text="positive regulation of cytosolic calcium ion concentration" type="GO"/>
    <entity charOffset="744-750" id="28179442.s1.e3" ontology_id="HP_0002664" text="tumour" type="HP"/>
    <entity charOffset="809-853" id="28179442.s1.e4" ontology_id="GO_0007186" text="G protein-coupled receptor signaling pathway" type="GO"/>
    <pair e1="28179442.s1.e1" e2="28179442.s1.e3" id="28179442.s1.p0" relation="true"/>
    <pair e1="28179442.s1.e2" e2="28179442.s1.e3" id="28179442.s1.p1" relation="true"/>
    <pair e1="28179442.s1.e3" e2="28179442.s1.e4" id="28179442.s1.p2" relation="false"/>
  </sentence>
  <sentence id="28179442.s2" text="TAC1 showed the highest enrichment of gene signatures for interleukin-13/T-helper cell muscle organ development 2 (Th2) and innate lymphoid cell type 2. TAC1 had the highest sputum eosinophilia and exhaled nitric oxide fraction, and was restricted to severe asthma with oral corticosteroid dependency, frequent exacerbations and severe airflow obstruction.">
    <entity charOffset="87-111" id="28179442.s2.e0" ontology_id="GO_0007517" text="muscle organ development" type="GO"/>
    <entity charOffset="181-193" id="28179442.s2.e1" ontology_id="HP_0001880" text="eosinophilia" type="HP"/>
  </sentence>
  <sentence id="28179442.s3" text="positive regulation of cytosolic calcium ion concentration showed the highest sputum neutrophilia, serum C-reactive protein levels and prevalence of eczema.">
    <entity charOffset="0-58" id="28179442.s3.e0" ontology_id="GO_0007204" text="positive regulation of cytosolic calcium ion concentration" type="GO"/>
    <entity charOffset="85-97" id="28179442.s3.e1" ontology_id="HP_0011897" text="neutrophilia" type="HP"/>
    <pair e1="28179442.s3.e0" e2="28179442.s3.e1" id="28179442.s3.p0" relation="true"/>
  </sentence>
</document>
