<?xml version="1.0" ?>
<document id="28263981">
  <sentence id="28263981.s0" text="The presynaptic cytomatrix protein Piccolo, encoded by cytoskeleton organization, is frequently mutated and amplified in esophageal squamous cell carcinoma (ESCC), but its exact roles in ESCC remain unclear.">
    <entity charOffset="55-80" id="28263981.s0.e0" ontology_id="GO_0007010" text="cytoskeleton organization" type="GO"/>
    <entity charOffset="132-155" id="28263981.s0.e1" ontology_id="HP_0002860" text="squamous cell carcinoma" type="HP"/>
    <pair e1="28263981.s0.e0" e2="28263981.s0.e1" id="28263981.s0.p0" relation="true"/>
  </sentence>
  <sentence id="28263981.s1" text="These results demonstrate that Piccolo contributes to tumor aggressiveness in ESCC, likely by stabilizing positive regulation of protein phosphorylation and promoting EGFR-dependent signaling.">
    <entity charOffset="54-59" id="28263981.s1.e0" ontology_id="HP_0002664" text="tumor" type="HP"/>
    <entity charOffset="106-152" id="28263981.s1.e1" ontology_id="GO_0001934" text="positive regulation of protein phosphorylation" type="GO"/>
    <pair e1="28263981.s1.e0" e2="28263981.s1.e1" id="28263981.s1.p0" relation="true"/>
  </sentence>
</document>
