<?xml version="1.0" ?>
<document id="28285769">
  <sentence id="28285769.s0" text="By whole-exome sequencing, recessive protein-truncating mutations in mRNA splicing, via spliceosome were found in seven unrelated families that show a range of clinical phenotypes, including retinal degeneration, brachydactyly, craniofacial abnormalities, short stature, and neurological defects.">
    <entity charOffset="69-99" id="28285769.s0.e0" ontology_id="GO_0000398" text="mRNA splicing, via spliceosome" type="GO"/>
    <entity charOffset="213-226" id="28285769.s0.e1" ontology_id="HP_0001156" text="brachydactyly" type="HP"/>
  </sentence>
  <sentence id="28285769.s1" text="Remarkably, variable expressivity of the human phenotype can be recapitulated in mRNA splicing, via spliceosome mutant mouse models, with significant embryonic lethality and severe phenotypes in the complete knockout epidermis development while mice with a partial loss-of-function allele mimic the isolated retinal degeneration phenotype.">
    <entity charOffset="12-33" id="28285769.s1.e0" ontology_id="HP_0003828" text="variable expressivity" type="HP"/>
    <entity charOffset="81-111" id="28285769.s1.e1" ontology_id="GO_0000398" text="mRNA splicing, via spliceosome" type="GO"/>
    <entity charOffset="217-238" id="28285769.s1.e2" ontology_id="GO_0008544" text="epidermis development" type="GO"/>
    <entity charOffset="308-328" id="28285769.s1.e3" ontology_id="HP_0000546" text="retinal degeneration" type="HP"/>
    <pair e1="28285769.s1.e0" e2="28285769.s1.e1" id="28285769.s1.p0" relation="true"/>
    <pair e1="28285769.s1.e0" e2="28285769.s1.e2" id="28285769.s1.p1" relation="true"/>
    <pair e1="28285769.s1.e2" e2="28285769.s1.e3" id="28285769.s1.p2" relation="true"/>
  </sentence>
</document>
