<?xml version="1.0" ?>
<document id="28298625">
  <sentence id="28298625.s0" text="Enamel-renal-gingival syndrome (ERGS; OMIM #204690), a rare autosomal recessive disorder caused by mutations in positive regulation of protein phosphorylation, is characterized by nephrocalcinosis, nephrolithiasis, amelogenesis imperfecta, hypoplastic muscle organ development, gingival fibromatosis and other dental abnormalities, including hypodontia and unerupted teeth with large dental follicles.">
    <entity charOffset="112-158" id="28298625.s0.e0" ontology_id="GO_0001934" text="positive regulation of protein phosphorylation" type="GO"/>
    <entity charOffset="180-196" id="28298625.s0.e1" ontology_id="HP_0000121" text="nephrocalcinosis" type="HP"/>
    <entity charOffset="198-213" id="28298625.s0.e2" ontology_id="HP_0000787" text="nephrolithiasis" type="HP"/>
    <entity charOffset="252-276" id="28298625.s0.e3" ontology_id="GO_0007517" text="muscle organ development" type="GO"/>
    <entity charOffset="278-299" id="28298625.s0.e4" ontology_id="HP_0000169" text="gingival fibromatosis" type="HP"/>
    <entity charOffset="310-330" id="28298625.s0.e5" ontology_id="HP_0000164" text="dental abnormalities" type="HP"/>
    <entity charOffset="342-352" id="28298625.s0.e6" ontology_id="HP_0000668" text="hypodontia" type="HP"/>
    <pair e1="28298625.s0.e0" e2="28298625.s0.e2" id="28298625.s0.p0" relation="true"/>
    <pair e1="28298625.s0.e0" e2="28298625.s0.e4" id="28298625.s0.p1" relation="true"/>
    <pair e1="28298625.s0.e0" e2="28298625.s0.e5" id="28298625.s0.p2" relation="true"/>
    <pair e1="28298625.s0.e0" e2="28298625.s0.e6" id="28298625.s0.p3" relation="true"/>
  </sentence>
</document>
