<?xml version="1.0" ?>
<document id="28432734">
  <sentence id="28432734.s0" text="The presence of positive regulation of glucose transmembrane transport loss-of-function variants in negative regulation of transcription by RNA polymerase II predicted isolated diabetes, isolated deafness, or isolated congenital cataracts without development of the full syndrome (sensitivity 100% [93%-100%]; specificity 78% [73%-82%]).">
    <entity charOffset="16-70" id="28432734.s0.e0" ontology_id="GO_0010828" text="positive regulation of glucose transmembrane transport" type="GO"/>
    <entity charOffset="100-157" id="28432734.s0.e1" ontology_id="GO_0000122" text="negative regulation of transcription by RNA polymerase II" type="GO"/>
    <entity charOffset="196-204" id="28432734.s0.e2" ontology_id="HP_0000365" text="deafness" type="HP"/>
    <entity charOffset="229-238" id="28432734.s0.e3" ontology_id="HP_0000518" text="cataracts" type="HP"/>
    <pair e1="28432734.s0.e1" e2="28432734.s0.e2" id="28432734.s0.p0" relation="true"/>
    <pair e1="28432734.s0.e1" e2="28432734.s0.e3" id="28432734.s0.p1" relation="true"/>
  </sentence>
</document>
