<?xml version="1.0" ?>
<document id="28492237">
  <sentence id="28492237.s0" text="We discover that proline catabolism via proline dehydrogenase (positive regulation of cell death) supports growth of breast cancer cells in 3D culture.">
    <entity charOffset="63-96" id="28492237.s0.e0" ontology_id="GO_0010942" text="positive regulation of cell death" type="GO"/>
    <entity charOffset="124-130" id="28492237.s0.e1" ontology_id="HP_0002664" text="cancer" type="HP"/>
    <pair e1="28492237.s0.e0" e2="28492237.s0.e1" id="28492237.s0.p0" relation="true"/>
  </sentence>
  <sentence id="28492237.s1" text="In particular, we find that positive regulation of cell death expression and proline catabolism is increased in metastases compared to primary breast cancers of patients and mice.">
    <entity charOffset="28-61" id="28492237.s1.e0" ontology_id="GO_0010942" text="positive regulation of cell death" type="GO"/>
    <entity charOffset="150-156" id="28492237.s1.e1" ontology_id="HP_0002664" text="cancer" type="HP"/>
    <pair e1="28492237.s1.e0" e2="28492237.s1.e1" id="28492237.s1.p0" relation="true"/>
  </sentence>
</document>
