<?xml version="1.0" ?>
<document id="28496128">
  <sentence id="28496128.s0" text="We identified eight mRNA splicing, via spliceosome genes which likely play important roles in obesity metabolism and identified microRNAs that significantly negatively correlated with hub genes.">
    <entity charOffset="20-50" id="28496128.s0.e0" ontology_id="GO_0000398" text="mRNA splicing, via spliceosome" type="GO"/>
    <entity charOffset="94-101" id="28496128.s0.e1" ontology_id="HP_0001513" text="obesity" type="HP"/>
    <pair e1="28496128.s0.e0" e2="28496128.s0.e1" id="28496128.s0.p0" relation="true"/>
  </sentence>
  <sentence id="28496128.s1" text="The results indicated that increased regulation of heart rate in adipose tissue may have a significant therapeutic potential in reducing obesity and insulin resistance">
    <entity charOffset="37-61" id="28496128.s1.e0" ontology_id="GO_0002027" text="regulation of heart rate" type="GO"/>
    <entity charOffset="137-144" id="28496128.s1.e1" ontology_id="HP_0001513" text="obesity" type="HP"/>
    <pair e1="28496128.s1.e0" e2="28496128.s1.e1" id="28496128.s1.p0" relation="true"/>
  </sentence>
</document>
