<?xml version="1.0" ?>
<document id="28512252">
  <sentence id="28512252.s0" text="Loss of positive regulation of transcription by RNA polymerase II contributes to the aggressive phenotype of glioblastoma through regulation of poor prognosis-associated signatures.">
    <entity charOffset="8-65" id="28512252.s0.e0" ontology_id="GO_0045944" text="positive regulation of transcription by RNA polymerase II" type="GO"/>
    <entity charOffset="109-121" id="28512252.s0.e1" ontology_id="HP_0012174" text="glioblastoma" type="HP"/>
    <pair e1="28512252.s0.e0" e2="28512252.s0.e1" id="28512252.s0.p0" relation="true"/>
  </sentence>
  <sentence id="28512252.s1" text="Restitution of positive regulation of transcription by RNA polymerase II expression reverses the phenotype and impairs tumor-forming ability.">
    <entity charOffset="15-72" id="28512252.s1.e0" ontology_id="GO_0045944" text="positive regulation of transcription by RNA polymerase II" type="GO"/>
    <entity charOffset="119-124" id="28512252.s1.e1" ontology_id="HP_0002664" text="tumor" type="HP"/>
    <pair e1="28512252.s1.e0" e2="28512252.s1.e1" id="28512252.s1.p0" relation="true"/>
  </sentence>
  <sentence id="28512252.s2" text="These results indicate that positive regulation of transcription by RNA polymerase II functions as a tumor suppressor in GBM through the regulation of genes associated with phenotypically aggressive properties.&lt;b&gt;Implications:&lt;/b&gt; This study characterizes the role of the putative tumor suppressor ZBTB18 and its regulation by promoter hypermethylation, which appears to be a common mechanism to silence ZBTB18 in the mesenchymal subtype of GBM and provides a new mechanistic opportunity to specifically target this tumor subclass.">
    <entity charOffset="28-85" id="28512252.s2.e0" ontology_id="GO_0045944" text="positive regulation of transcription by RNA polymerase II" type="GO"/>
    <entity charOffset="101-106" id="28512252.s2.e1" ontology_id="HP_0002664" text="tumor" type="HP"/>
    <pair e1="28512252.s2.e0" e2="28512252.s2.e1" id="28512252.s2.p0" relation="true"/>
  </sentence>
</document>
