<?xml version="1.0" ?>
<document id="28526779">
  <sentence id="28526779.s0" text="We report ten new patients from eight unrelated kindreds with lipid phosphorylation nephropathy.">
    <entity charOffset="62-83" id="28526779.s0.e0" ontology_id="GO_0046834" text="lipid phosphorylation" type="GO"/>
    <entity charOffset="84-95" id="28526779.s0.e1" ontology_id="HP_0000112" text="nephropathy" type="HP"/>
    <pair e1="28526779.s0.e0" e2="28526779.s0.e1" id="28526779.s0.p0" relation="true"/>
  </sentence>
  <sentence id="28526779.s1" text="In conclusion, we did not observe a clear genotype-phenotype correlation in patients with lipid phosphorylation nephropathy, suggesting additional factors mediating phenotypic heterogeneity.">
    <entity charOffset="90-111" id="28526779.s1.e0" ontology_id="GO_0046834" text="lipid phosphorylation" type="GO"/>
    <entity charOffset="112-123" id="28526779.s1.e1" ontology_id="HP_0000112" text="nephropathy" type="HP"/>
    <entity charOffset="176-189" id="28526779.s1.e2" ontology_id="HP_0001425" text="heterogeneity" type="HP"/>
    <pair e1="28526779.s1.e0" e2="28526779.s1.e1" id="28526779.s1.p0" relation="true"/>
    <pair e1="28526779.s1.e0" e2="28526779.s1.e2" id="28526779.s1.p1" relation="true"/>
  </sentence>
</document>
