<?xml version="1.0" ?>
<document id="28534947">
  <sentence id="28534947.s0" text="The review then discusses the diseases associated with positive regulation of cell proliferation‑2, including degeneration of the retina, Sjögren's syndrome, age‑related cataracts, degeneration of the testes, azoospermia, lung cancer, constipation, repair of impaired intestinal mucosa barrier, leukemia, cystic fibrosis, leukoencephalopathy, epilepsy and diabetes mellitus.">
    <entity charOffset="55-96" id="28534947.s0.e0" ontology_id="GO_0008284" text="positive regulation of cell proliferation" type="GO"/>
    <entity charOffset="170-179" id="28534947.s0.e1" ontology_id="HP_0000518" text="cataracts" type="HP"/>
    <entity charOffset="209-220" id="28534947.s0.e2" ontology_id="HP_0000027" text="azoospermia" type="HP"/>
    <entity charOffset="227-233" id="28534947.s0.e3" ontology_id="HP_0002664" text="cancer" type="HP"/>
    <entity charOffset="343-351" id="28534947.s0.e4" ontology_id="HP_0001250" text="epilepsy" type="HP"/>
    <pair e1="28534947.s0.e0" e2="28534947.s0.e1" id="28534947.s0.p0" relation="true"/>
    <pair e1="28534947.s0.e0" e2="28534947.s0.e2" id="28534947.s0.p1" relation="true"/>
    <pair e1="28534947.s0.e0" e2="28534947.s0.e3" id="28534947.s0.p2" relation="true"/>
    <pair e1="28534947.s0.e0" e2="28534947.s0.e4" id="28534947.s0.p3" relation="true"/>
  </sentence>
</document>
