<?xml version="1.0" ?>
<document id="28586118">
  <sentence id="28586118.s0" text="A panel of hypermethylated genes including cellular response to DNA damage stimulus, osteoblast differentiation, EPHA5, EYA4, endothelial cell activation, IPF1, ISL1, interleukin-4-mediated signaling pathway, PITX2, chromatin organization, and TWIST1 predicted cancer-specific survival and SOX1 (HR = 3.46), PITX2 (HR = 4.17), CSPG2 (HR = 5.35), and JAK3 hypermethylation (HR = 0.19) did so independently.">
    <entity charOffset="43-83" id="28586118.s0.e0" ontology_id="GO_0006974" text="cellular response to DNA damage stimulus" type="GO"/>
    <entity charOffset="85-111" id="28586118.s0.e1" ontology_id="GO_0001649" text="osteoblast differentiation" type="GO"/>
    <entity charOffset="126-153" id="28586118.s0.e2" ontology_id="GO_0042118" text="endothelial cell activation" type="GO"/>
    <entity charOffset="167-207" id="28586118.s0.e3" ontology_id="GO_0035771" text="interleukin-4-mediated signaling pathway" type="GO"/>
    <entity charOffset="216-238" id="28586118.s0.e4" ontology_id="GO_0006325" text="chromatin organization" type="GO"/>
    <entity charOffset="261-267" id="28586118.s0.e5" ontology_id="HP_0002664" text="cancer" type="HP"/>
    <pair e1="28586118.s0.e0" e2="28586118.s0.e5" id="28586118.s0.p0" relation="true"/>
    <pair e1="28586118.s0.e1" e2="28586118.s0.e5" id="28586118.s0.p1" relation="true"/>
    <pair e1="28586118.s0.e2" e2="28586118.s0.e5" id="28586118.s0.p2" relation="true"/>
    <pair e1="28586118.s0.e3" e2="28586118.s0.e5" id="28586118.s0.p3" relation="true"/>
    <pair e1="28586118.s0.e4" e2="28586118.s0.e5" id="28586118.s0.p4" relation="true"/>
  </sentence>
</document>
