<?xml version="1.0" ?>
<document id="28582508">
  <sentence id="28582508.s0" text="Functional studies have elucidated the role of the mammalian target of rapamycin (regulation of cell growth) pathway in breast carcinogenesis, but to date, there is a paucity of data on its contribution to breast cancer risk in women of African ancestry.">
    <entity charOffset="82-107" id="28582508.s0.e0" ontology_id="GO_0001558" text="regulation of cell growth" type="GO"/>
    <entity charOffset="213-219" id="28582508.s0.e1" ontology_id="HP_0002664" text="cancer" type="HP"/>
    <pair e1="28582508.s0.e0" e2="28582508.s0.e1" id="28582508.s0.p0" relation="true"/>
  </sentence>
  <sentence id="28582508.s1" text="We examined 47628 SNPs in 61 regulation of cell growth pathway genes in the genome wide association study of breast cancer in the African Diaspora study (The Root consortium), which included 3686 participants (1657 cases).">
    <entity charOffset="29-54" id="28582508.s1.e0" ontology_id="GO_0001558" text="regulation of cell growth" type="GO"/>
    <entity charOffset="116-122" id="28582508.s1.e1" ontology_id="HP_0002664" text="cancer" type="HP"/>
    <pair e1="28582508.s1.e0" e2="28582508.s1.e1" id="28582508.s1.p0" relation="true"/>
  </sentence>
  <sentence id="28582508.s2" text="PRKAG3 (Padj = 0.0018) and negative regulation of cysteine-type endopeptidase activity involved in apoptotic process (Padj = 0.061) were the leading genes for the associations with overall breast cancer risk and ER- breast cancer risk, respectively.">
    <entity charOffset="27-116" id="28582508.s2.e0" ontology_id="GO_0043154" text="negative regulation of cysteine-type endopeptidase activity involved in apoptotic process" type="GO"/>
    <entity charOffset="196-202" id="28582508.s2.e1" ontology_id="HP_0002664" text="cancer" type="HP"/>
    <pair e1="28582508.s2.e0" e2="28582508.s2.e1" id="28582508.s2.p0" relation="true"/>
  </sentence>
  <sentence id="28582508.s3" text="These results provide new insights on the biological relevance of the regulation of cell growth pathway in breast cancer progression and underscore the need for more genetic epidemiology studies of breast cancer in the African Diaspora">
    <entity charOffset="70-95" id="28582508.s3.e0" ontology_id="GO_0001558" text="regulation of cell growth" type="GO"/>
    <entity charOffset="114-120" id="28582508.s3.e1" ontology_id="HP_0002664" text="cancer" type="HP"/>
    <pair e1="28582508.s3.e0" e2="28582508.s3.e1" id="28582508.s3.p0" relation="true"/>
  </sentence>
</document>
