<?xml version="1.0" ?>
<document id="28678915">
  <sentence id="28678915.s0" text="The expression of the ID2, skeletal system development and positive regulation of endothelial cell migration genes was compared between the endometrium of women without endometriosis in the proliferative phase of their menstrual cycle and the eutopic and ectopic endometrium of women with endometriosis in the proliferative phase.">
    <entity charOffset="27-54" id="28678915.s0.e0" ontology_id="GO_0001501" text="skeletal system development" type="GO"/>
    <entity charOffset="59-108" id="28678915.s0.e1" ontology_id="GO_0010595" text="positive regulation of endothelial cell migration" type="GO"/>
    <entity charOffset="169-182" id="28678915.s0.e2" ontology_id="HP_0030127" text="endometriosis" type="HP"/>
    <pair e1="28678915.s0.e0" e2="28678915.s0.e2" id="28678915.s0.p0" relation="true"/>
    <pair e1="28678915.s0.e1" e2="28678915.s0.e2" id="28678915.s0.p1" relation="true"/>
  </sentence>
  <sentence id="28678915.s1" text="The ID2 gene expression was increased in the most advanced stage of endometriosis and in ovarian endometriomas, the PRELP was more expressed in peritoneal lesions, and the positive regulation of endothelial cell migration was highly expressed in both peritoneal and endometrioma lesions.">
    <entity charOffset="68-81" id="28678915.s1.e0" ontology_id="HP_0030127" text="endometriosis" type="HP"/>
    <entity charOffset="172-221" id="28678915.s1.e1" ontology_id="GO_0010595" text="positive regulation of endothelial cell migration" type="GO"/>
    <pair e1="28678915.s1.e0" e2="28678915.s1.e1" id="28678915.s1.p0" relation="true"/>
  </sentence>
</document>
