<?xml version="1.0" encoding="UTF-8"?>
<document id="22527681">
	<sentence id="s1" text="Exome and targeted sequencing has recently identified four new genes causing ataxia: TGM6, ANO10, SYT14, and rundataxin.">
		<entity id="s1.e1" charOffset="77-83"
			type="HP" text="ataxia" ontology_id="HP_0001251"/>
		<entity id="s1.e2" charOffset="85-89"
			type="GENE" text="TGM6" ontology_id="343641"/>
		<entity id="s1.e3" charOffset="91-96"
			type="GENE" text="ANO10" ontology_id="55129"/>
		<entity id="s1.e4" charOffset="98-103"
			type="GENE" text="SYT14" ontology_id="255928"/>
		<pair id="s1.p1" e1="s1.e1"
		    e2="s1.e2" pgr="true"/>
		<pair id="s1.p2" e1="s1.e1"
		    e2="s1.e4" pgr="true"/>
		<pair id="s1.p3" e1="s1.e1"
		    e2="s1.e3" pgr="true"/>
	</sentence>
</document>
