<?xml version="1.0" encoding="UTF-8"?>
<document id="23669344">
	<sentence id="s1" text="A homozygous mutation of SERPINB6, a gene encoding an intracellular protease inhibitor, has recently been associated with post-lingual, autosomal-recessive, nonsyndromic hearing loss in humans (DFNB91).">
		<entity id="s1.e1" charOffset="25-33"
			type="GENE" text="SERPINB6" ontology_id="5269"/>
		<entity id="s1.e2" charOffset="170-182"
			type="HP" text="hearing loss" ontology_id="HP_0000365"/>
		<pair id="s1.p1" e1="s1.e1"
		    e2="s1.e2" pgr="true"/>
	</sentence>
	<sentence id="s2" text="These findings establish these mutant mice as a suitable model system to elucidate how SERPINB6 deficiency causes deafness in humans">
		<entity id="s2.e1" charOffset="87-95"
			type="GENE" text="SERPINB6" ontology_id="5269"/>
		<entity id="s2.e2" charOffset="114-122"
			type="HP" text="deafness" ontology_id="HP_0000365"/>
		<pair id="s2.p1" e1="s2.e1"
		    e2="s2.e2" pgr="true"/>
	</sentence>
</document>
