<?xml version="1.0" encoding="UTF-8"?>
<document id="26647310">
	<sentence id="s1" text="Leber*s hereditary optic neuropathy (LHON) is the most common mitochondrial disorder.">
		<entity id="s1.e1" charOffset="25-35"
			type="HP" text="neuropathy" ontology_id="HP_0009830"/>
		<entity id="s1.e2" charOffset="37-41"
			type="GENE" text="LHON" ontology_id="100873240"/>
		<pair id="s1.p1" e1="s1.e1"
		    e2="s1.e2" pgr="false"/>
	</sentence>
	<sentence id="s2" text="Thus, mutated YARS2 aggravates mitochondrial dysfunctions associated with the m.11778GAAAAA mutation, exceeding the threshold for the expression of blindness phenotype.">
		<entity id="s2.e1" charOffset="14-19"
			type="GENE" text="YARS2" ontology_id="51067"/>
		<entity id="s2.e2" charOffset="148-157"
			type="HP" text="blindness" ontology_id="HP_0000618"/>
		<pair id="s2.p1" e1="s2.e1"
		    e2="s2.e2" pgr="false"/>
	</sentence>
</document>
