<?xml version="1.0" encoding="UTF-8"?>
<document id="26679638">
	<sentence id="s1" text="More recently, evidence has indicated that variations in HFM1 gene could be causative for primary ovarian insufficiency (POI), also known as premature ovarian failure.">
		<entity id="s1.e1" charOffset="57-61"
			type="GENE" text="HFM1" ontology_id="164045"/>
		<entity id="s1.e2" charOffset="141-166"
			type="HP" text="premature ovarian failure" ontology_id="HP_0008209"/>
		<pair id="s1.p1" e1="s1.e1"
		    e2="s1.e2" pgr="true"/>
	</sentence>
	<sentence id="s2" text="The aim of this study was to investigate the association between HFM1 gene variants and sporadic POI in Chinese women.">
		<entity id="s2.e1" charOffset="65-69"
			type="GENE" text="HFM1" ontology_id="164045"/>
		<entity id="s2.e2" charOffset="88-96"
			type="HP" text="sporadic" ontology_id="HP_0003745"/>
		<pair id="s2.p1" e1="s2.e1"
		    e2="s2.e2" pgr="false"/>
	</sentence>
</document>
