<?xml version="1.0" encoding="UTF-8"?>
<document id="26692240">
	<sentence id="s1" text="Our data, with previously published reports, suggest that duplications involving SHROOM4 and DGKK may represent a new syndromic X-linked ID critical region associated with mild to severe ID, speech delay +/- dysarthria, attention deficit disorder, precocious puberty, constipation, and motor delay.">
		<entity id="s1.e1" charOffset="81-88"
			type="GENE" text="SHROOM4" ontology_id="57477"/>
		<entity id="s1.e2" charOffset="93-97"
			type="GENE" text="DGKK" ontology_id="139189"/>
		<entity id="s1.e3" charOffset="191-203"
			type="HP" text="speech delay" ontology_id="HP_0000750"/>
		<entity id="s1.e4" charOffset="286-297"
			type="HP" text="motor delay" ontology_id="HP_0001270"/>
		<pair id="s1.p1" e1="s1.e1"
		    e2="s1.e3" pgr="false"/>
		<pair id="s1.p2" e1="s1.e2"
		    e2="s1.e3" pgr="false"/>
		<pair id="s1.p3" e1="s1.e1"
		    e2="s1.e4" pgr="false"/>
		<pair id="s1.p4" e1="s1.e2"
		    e2="s1.e6" pgr="false"/>
	</sentence>
</document>
