<?xml version="1.0" encoding="UTF-8"?>
<document id="26701950">
	<sentence id="s1" text="Somatic mutations in four genes (KCNJ5, ATP1A1, ATP2B3 and CACNA1D), differently implicated in intracellular ion homeostasis, have been identified in nearly 60% of the sporadic APAs.">
		<entity id="s1.e1" charOffset="33-38"
			type="GENE" text="KCNJ5" ontology_id="3762"/>
		<entity id="s1.e2" charOffset="48-54"
			type="GENE" text="ATP2B3" ontology_id="492"/>
		<entity id="s1.e3" charOffset="59-66"
			type="GENE" text="CACNA1D" ontology_id="776"/>
		<entity id="s1.e4" charOffset="168-176"
			type="HP" text="sporadic" ontology_id="HP_0003745"/>
		<pair id="s1.p1" e1="s1.e1"
		    e2="s1.e4" pgr="false"/>
		<pair id="s1.p2" e1="s1.e2"
		    e2="s1.e4" pgr="false"/>
		<pair id="s1.p3" e1="s1.e3"
		    e2="s1.e4" pgr="false"/>
	</sentence>
	<sentence id="s2" text="Germline mutations in KCNJ5 and CACNA1H cause FH-III and FH-IV, respectively, while germline mutations in CACNA1D cause the rare PASNA syndrome, featuring primary aldosteronism seizures and neurological abnormalities.">
		<entity id="s2.e1" charOffset="22-27"
			type="GENE" text="KCNJ5" ontology_id="3762"/>
		<entity id="s2.e2" charOffset="106-113"
			type="GENE" text="CACNA1D" ontology_id="776"/>
		<entity id="s2.e3" charOffset="177-185"
			type="HP" text="seizures" ontology_id="HP_0001250"/>
		<pair id="s2.p1" e1="s2.e1"
		    e2="s2.e3" pgr="false"/>
		<pair id="s2.p2" e1="s2.e2"
		    e2="s2.e3" pgr="true"/>
	</sentence>
</document>
