<?xml version="1.0" encoding="UTF-8"?>
<document id="26841866">
	<sentence id="s1" text="Finally, by immunohistochemical staining of primary breast tissue microarrays we find that EMSY/KDM5A/SIN3B complex subunits are frequently overexpressed in primary breast cancer cases in a correlative manner.">
		<entity id="s1.e1" charOffset="91-95"
			type="GENE" text="EMSY" ontology_id="56946"/>
		<entity id="s1.e2" charOffset="96-101"
			type="GENE" text="KDM5A" ontology_id="5927"/>
		<entity id="s1.e3" charOffset="102-107"
			type="GENE" text="SIN3B" ontology_id="23309"/>
		<entity id="s1.e4" charOffset="172-178"
			type="HP" text="cancer" ontology_id="HP_0002664"/>
		<pair id="s1.p1" e1="s1.e4"
		    e2="s1.e4" pgr="false"/>
		<pair id="s1.p2" e1="s1.e1"
		    e2="s1.e4" pgr="false"/>
		<pair id="s1.p3" e1="s1.e3"
		    e2="s1.e4" pgr="false"/>
	</sentence>
	<sentence id="s2" text="Taken together, these data open venues for exploring the possibility that sporadic breast cancer patients with EMSY amplification might benefit from epigenetic combination therapy targeting both the KDM5A demethylase and histone deacetylases.">
		<entity id="s2.e1" charOffset="90-96"
			type="HP" text="cancer" ontology_id="HP_0002664"/>
		<entity id="s2.e2" charOffset="199-204"
			type="GENE" text="KDM5A" ontology_id="5927"/>
		<pair id="s2.p1" e1="s2.e1"
		    e2="s2.e2" pgr="false"/>
	</sentence>
</document>
