<?xml version="1.0" encoding="UTF-8"?>
<document id="26913920">
	<sentence id="s1" text="p21-activated kinase 4 (PAK4) has been shown to regulate many cellular processes in cancer cells, including migration, polarization and proliferation.">
		<entity id="s1.e1" charOffset="24-28"
			type="GENE" text="PAK4" ontology_id="10298"/>
		<entity id="s1.e2" charOffset="84-90"
			type="HP" text="cancer" ontology_id="HP_0002664"/>
		<pair id="s1.p1" e1="s1.e1"
		    e2="s1.e2" pgr="false"/>
	</sentence>
	<sentence id="s2" text="However, the role of PAK4 in neuroblastoma remains unclear.">
		<entity id="s2.e1" charOffset="21-25"
			type="GENE" text="PAK4" ontology_id="10298"/>
		<entity id="s2.e2" charOffset="29-42"
			type="HP" text="neuroblastoma" ontology_id="HP_0003006"/>
		<pair id="s2.p1" e1="s2.e1"
		    e2="s2.e2" pgr="false"/>
	</sentence>
	<sentence id="s3" text="In the present study, we demonstrated that PAK4 was overexpressed in neuroblastoma tissues and was correlated with tumor malignance and prognosis.">
		<entity id="s3.e1" charOffset="43-47"
			type="GENE" text="PAK4" ontology_id="10298"/>
		<entity id="s3.e2" charOffset="69-82"
			type="HP" text="neuroblastoma" ontology_id="HP_0003006"/>
		<entity id="s3.e3" charOffset="115-120"
			type="HP" text="tumor" ontology_id="HP_0002664"/>
		<pair id="s3.p1" e1="s3.e1"
		    e2="s3.e2" pgr="false"/>
		<pair id="s3.p2" e1="s3.e1"
		    e2="s3.e3" pgr="false"/>
	</sentence>
	<sentence id="s4" text="To investigate the function of PAK4 in neuroblastoma, we used a small-molecule inhibitor that targets PAK4, that is, PF-3758309.">
		<entity id="s4.e1" charOffset="31-35"
			type="GENE" text="PAK4" ontology_id="10298"/>
		<entity id="s4.e2" charOffset="39-52"
			type="HP" text="neuroblastoma" ontology_id="HP_0003006"/>
		<pair id="s4.p1" e1="s4.e1"
		    e2="s4.e2" pgr="false"/>
	</sentence>
	<sentence id="s5" text="In conclusion, the present study demonstrated, for the first time, the expression and function of PAK4 in neuroblastomas and the inhibitory effect of PF-3758309, which deserves further investigation as an alternative strategy for neuroblastoma treatment">
		<entity id="s5.e1" charOffset="98-102"
			type="GENE" text="PAK4" ontology_id="10298"/>
		<entity id="s5.e2" charOffset="106-119"
			type="HP" text="neuroblastoma" ontology_id="HP_0003006"/>
		<pair id="s5.p1" e1="s5.e1"
		    e2="s5.e2" pgr="false"/>
	</sentence>
</document>
