<?xml version="1.0" encoding="UTF-8"?>
<document id="27132940">
	<sentence id="s1" text="Like USP22, USP51 and USP27X are required for normal cell proliferation, and their depletion suppresses tumor growth.">
		<entity id="s1.e1" charOffset="5-10"
			type="GENE" text="USP22" ontology_id="23326"/>
		<entity id="s1.e2" charOffset="12-17"
			type="GENE" text="USP51" ontology_id="158880"/>
		<entity id="s1.e3" charOffset="22-28"
			type="GENE" text="USP27X" ontology_id="389856"/>
		<entity id="s1.e4" charOffset="104-109"
			type="HP" text="tumor" ontology_id="HP_0002664"/>
		<pair id="s1.p1" e1="s1.e1"
		    e2="s1.e4" pgr="false"/>
		<pair id="s1.p2" e1="s1.e3"
		    e2="s1.e4" pgr="false"/>
		<pair id="s1.p3" e1="s1.e2"
		    e2="s1.e4" pgr="false"/>
	</sentence>
</document>
