<?xml version="1.0" encoding="UTF-8"?>
<document id="27217339">
	<sentence id="s1" text="Complex recessive spastic paraplegias have in the past been frequently associated with mutations in SPG11 (spatacsin), ZFYVE26/SPG15, SPG7 (paraplegin) and a handful of other rare genes, but many cases remain genetically undefined.">
		<entity id="s1.e1" charOffset="18-36"
			type="HP" text="spastic paraplegia" ontology_id="HP_0001258"/>
		<entity id="s1.e2" charOffset="127-132"
			type="GENE" text="SPG15" ontology_id="23503"/>
		<entity id="s1.e3" charOffset="134-138"
			type="GENE" text="SPG7" ontology_id="6687"/>
		<pair id="s1.p1" e1="s1.e1"
		    e2="s1.e2" pgr="true"/>
		<pair id="s1.p2" e1="s1.e1"
		    e2="s1.e3" pgr="true"/>
	</sentence>
	<sentence id="s2" text="The SPG11 gene was first analysed, revealing homozygous or compound heterozygous mutations in 30/97 (30.9%) of probands, the largest SPG11 series reported to date, and by far the most common cause of complex spastic paraplegia in the UK, with severe and progressive clinical features and other neurological manifestations, linked with magnetic resonance imaging defects.">
		<entity id="s2.e1" charOffset="4-9"
			type="GENE" text="SPG11" ontology_id="80208"/>
		<entity id="s2.e2" charOffset="208-226"
			type="HP" text="spastic paraplegia" ontology_id="HP_0001258"/>
		<pair id="s2.p1" e1="s2.e1"
		    e2="s2.e2" pgr="true"/>
	</sentence>
	<sentence id="s3" text="In the remaining cases, next generation sequencing was carried out revealing variants in a number of other known complex spastic paraplegia genes, including five in SPG7 (5/97), four in FA2H (also known as SPG35) (4/97) and two in ZFYVE26/SPG15 Variants were identified in genes usually associated with pure spastic paraplegia and also in the Parkinson*s disease-associated gene ATP13A2, neuronal ceroid lipofuscinosis gene TPP1 and the hereditary motor and sensory neuropathy DNMT1 gene, highlighting the genetic heterogeneity of spastic paraplegia.">
		<entity id="s3.e1" charOffset="121-139"
			type="HP" text="spastic paraplegia" ontology_id="HP_0001258"/>
		<entity id="s3.e2" charOffset="165-169"
			type="GENE" text="SPG7" ontology_id="6687"/>
		<entity id="s3.e3" charOffset="231-238"
			type="GENE" text="ZFYVE26" ontology_id="23503"/>
		<entity id="s3.e4" charOffset="239-244"
			type="GENE" text="SPG15" ontology_id="23503"/>
		<entity id="s3.e5" charOffset="379-386"
			type="GENE" text="ATP13A2" ontology_id="23400"/>
		<entity id="s3.e6" charOffset="424-428"
			type="GENE" text="TPP1" ontology_id="1200"/>
		<entity id="s3.e7" charOffset="466-476"
			type="HP" text="neuropathy" ontology_id="HP_0009830"/>
		<entity id="s3.e8" charOffset="477-482"
			type="GENE" text="DNMT1" ontology_id="1786"/>
		<entity id="s3.e9" charOffset="514-527"
			type="HP" text="heterogeneity" ontology_id="HP_0001425"/>
		<pair id="s3.p1" e1="s3.e1"
		    e2="s3.e3" pgr="true"/>
		<pair id="s3.p2" e1="s3.e1"
		    e2="s3.e4" pgr="true"/>
		<pair id="s3.p3" e1="s3.e1"
		    e2="s3.e2" pgr="true"/>
		<pair id="s3.p4" e1="s3.e1"
		    e2="s3.e5" pgr="true"/>
		<pair id="s3.p5" e1="s3.e1"
		    e2="s3.e8" pgr="false"/>
		<pair id="s3.p6" e1="s3.e3"
		    e2="s3.e7" pgr="true"/>
		<pair id="s3.p7" e1="s3.e2"
		    e2="s3.e12" pgr="true"/>
		<pair id="s3.p8" e1="s3.e8"
		    e2="s3.e12" pgr="true"/>
		<pair id="s3.p9" e1="s3.e6"
		    e2="s3.e12" pgr="true"/>
		<pair id="s3.p10" e1="s3.e6"
		    e2="s3.e12" pgr="true"/>
		<pair id="s3.p11" e1="s3.e12"
		    e2="s3.e10" pgr="true"/>
		<pair id="s3.p12" e1="s3.e3"
		    e2="s3.e9" pgr="false"/>
		<pair id="s3.p13" e1="s3.e2"
		    e2="s3.e24" pgr="false"/>
		<pair id="s3.p14" e1="s3.e8"
		    e2="s3.e24" pgr="false"/>
		<pair id="s3.p15" e1="s3.e6"
		    e2="s3.e24" pgr="false"/>
		<pair id="s3.p16" e1="s3.e19"
		    e2="s3.e24" pgr="false"/>
		<pair id="s3.p17" e1="s3.e10"
		    e2="s3.e24" pgr="false"/>
	</sentence>
	<sentence id="s4" text="Complex recessive spastic paraplegias have in the past been frequently associated with mutations in SPG11 (spatacsin), ZFYVE26/SPG15, SPG7 (paraplegin) and a handful of other rare genes, but many cases remain genetically undefined.">
		<entity id="s4.e1" charOffset="18-36"
			type="HP" text="spastic paraplegia" ontology_id="HP_0001258"/>
		<entity id="s4.e2" charOffset="100-105"
			type="GENE" text="SPG11" ontology_id="80208"/>
		<pair id="s4.p1" e1="s4.e1"
		    e2="s4.e2" pgr="true"/>
	</sentence>
</document>
