<?xml version="1.0" encoding="UTF-8"?>
<document id="27296073">
	<sentence id="s1" text="Evidence is accumulating to suggest that mutations in the Ankyrin and SOCS Box-containing protein-10 (ASB10) gene are associated with glaucoma.">
		<entity id="s1.e1" charOffset="102-107"
			type="GENE" text="ASB10" ontology_id="136371"/>
		<entity id="s1.e2" charOffset="134-142"
			type="HP" text="glaucoma" ontology_id="HP_0000501"/>
		<pair id="s1.p1" e1="s1.e1"
		    e2="s1.e2" pgr="true"/>
	</sentence>
	<sentence id="s2" text="Since its identification in a large Oregon family with primary open-angle glaucoma (POAG), ASB10 variants have been associated with disease in US, German and Pakistani cohorts.">
		<entity id="s2.e1" charOffset="74-82"
			type="HP" text="glaucoma" ontology_id="HP_0000501"/>
		<entity id="s2.e2" charOffset="91-96"
			type="GENE" text="ASB10" ontology_id="136371"/>
		<pair id="s2.p1" e1="s2.e1"
		    e2="s2.e2" pgr="true"/>
	</sentence>
	<sentence id="s3" text="In this publication, we will review the literature that supports identification of ASB10 as a glaucoma-associated gene and the current knowledge of the function of the ASB10 protein.">
		<entity id="s3.e1" charOffset="83-88"
			type="GENE" text="ASB10" ontology_id="136371"/>
		<entity id="s3.e2" charOffset="94-102"
			type="HP" text="glaucoma" ontology_id="HP_0000501"/>
		<pair id="s3.p1" e1="s3.e1"
		    e2="s3.e2" pgr="true"/>
	</sentence>
	<sentence id="s4" text="In addition, we present new data that indicates ASB10 expression is up-regulated by the inflammatory cytokines tumor necrosis factor-a and interleukin-1a.">
		<entity id="s4.e1" charOffset="48-53"
			type="GENE" text="ASB10" ontology_id="136371"/>
		<entity id="s4.e2" charOffset="111-116"
			type="HP" text="tumor" ontology_id="HP_0002664"/>
		<pair id="s4.p1" e1="s4.e1"
		    e2="s4.e2" pgr="false"/>
	</sentence>
</document>
