<?xml version="1.0" encoding="UTF-8"?>
<document id="27342910">
	<sentence id="s1" text="Previous studies have implicated coiled-coil domain-containing protein 8 (CCDC8) as a tumor suppressor in several types of cancer, such as breast and prostate cancers.">
		<entity id="s1.e1" charOffset="33-37"
			type="GENE" text="coil" ontology_id="8161"/>
		<entity id="s1.e2" charOffset="74-79"
			type="GENE" text="CCDC8" ontology_id="83987"/>
		<entity id="s1.e3" charOffset="86-91"
			type="HP" text="tumor" ontology_id="HP_0002664"/>
		<entity id="s1.e4" charOffset="123-129"
			type="HP" text="cancer" ontology_id="HP_0002664"/>
		<pair id="s1.p1" e1="s1.e1"
		    e2="s1.e4" pgr="false"/>
		<pair id="s1.p2" e1="s1.e2"
		    e2="s1.e4" pgr="false"/>
		<pair id="s1.p3" e1="s1.e1"
		    e2="s1.e3" pgr="false"/>
		<pair id="s1.p4" e1="s1.e2"
		    e2="s1.e6" pgr="false"/>
	</sentence>
	<sentence id="s2" text="However, the expression levels or functions of CCDC8 in lung cancer have not been elucidated.">
		<entity id="s2.e1" charOffset="47-52"
			type="GENE" text="CCDC8" ontology_id="83987"/>
		<entity id="s2.e2" charOffset="61-67"
			type="HP" text="cancer" ontology_id="HP_0002664"/>
		<pair id="s2.p1" e1="s2.e1"
		    e2="s2.e2" pgr="false"/>
	</sentence>
	<sentence id="s3" text="Here, we used immunohistochemical staining to measure CCDC8 expression in 147 samples from tumors and 30 samples from the adjacent normal lung tissues of patients with non-small cell lung cancer.">
		<entity id="s3.e1" charOffset="54-59"
			type="GENE" text="CCDC8" ontology_id="83987"/>
		<entity id="s3.e2" charOffset="91-96"
			type="HP" text="tumor" ontology_id="HP_0002664"/>
		<entity id="s3.e3" charOffset="188-194"
			type="HP" text="cancer" ontology_id="HP_0002664"/>
		<pair id="s3.p1" e1="s3.e1"
		    e2="s3.e3" pgr="false"/>
		<pair id="s3.p2" e1="s3.e1"
		    e2="s3.e2" pgr="false"/>
	</sentence>
	<sentence id="s4" text="CCDC8 was shown to be located predominantly in the cytoplasm and partially on the cell membrane, and its expression level was significantly lower in lung cancer samples than that in the adjacent normal lung tissues (P=.001).">
		<entity id="s4.e1" charOffset="0-5"
			type="GENE" text="CCDC8" ontology_id="83987"/>
		<entity id="s4.e2" charOffset="154-160"
			type="HP" text="cancer" ontology_id="HP_0002664"/>
		<pair id="s4.p1" e1="s4.e1"
		    e2="s4.e2" pgr="false"/>
	</sentence>
	<sentence id="s5" text="CCDC8 expression was closely related to tumor differentiation (P=.039), tumor-node-metastasis stage (P=.009), lymph node metastasis (P=.038), and prognosis (P=.043) of lung cancer.">
		<entity id="s5.e1" charOffset="0-5"
			type="GENE" text="CCDC8" ontology_id="83987"/>
		<entity id="s5.e2" charOffset="40-45"
			type="HP" text="tumor" ontology_id="HP_0002664"/>
		<entity id="s5.e3" charOffset="173-179"
			type="HP" text="cancer" ontology_id="HP_0002664"/>
		<pair id="s5.p1" e1="s5.e1"
		    e2="s5.e3" pgr="false"/>
		<pair id="s5.p2" e1="s5.e1"
		    e2="s5.e2" pgr="false"/>
	</sentence>
	<sentence id="s6" text="Collectively, CCDC8 may suppress the invasion and metastasis of lung cancer cells, and it may represent a promising therapeutic target for non-small cell lung cancer">
		<entity id="s6.e1" charOffset="14-19"
			type="GENE" text="CCDC8" ontology_id="83987"/>
		<entity id="s6.e2" charOffset="69-75"
			type="HP" text="cancer" ontology_id="HP_0002664"/>
		<pair id="s6.p1" e1="s6.e1"
		    e2="s6.e2" pgr="false"/>
	</sentence>
</document>
