<?xml version="1.0" encoding="UTF-8"?>
<document id="27666346">
	<sentence id="s1" text="The human tongue cancer cell line CAL27 was used to study the effects of FRMD4A.">
		<entity id="s1.e1" charOffset="17-23"
			type="HP" text="cancer" ontology_id="HP_0002664"/>
		<entity id="s1.e2" charOffset="73-79"
			type="GENE" text="FRMD4A" ontology_id="55691"/>
		<pair id="s1.p1" e1="s1.e1"
		    e2="s1.e2" pgr="false"/>
	</sentence>
	<sentence id="s2" text="The results showed FRMD4A overexpression in tongue squamous cell carcinoma, and the positive reaction was predominately located in the cytoplasm.">
		<entity id="s2.e1" charOffset="19-25"
			type="GENE" text="FRMD4A" ontology_id="55691"/>
		<entity id="s2.e2" charOffset="51-74"
			type="HP" text="squamous cell carcinoma" ontology_id="HP_0002860"/>
		<pair id="s2.p1" e1="s2.e1"
		    e2="s2.e2" pgr="false"/>
	</sentence>
	<sentence id="s3" text="The findings of the present study suggest that FRMD4A expression correlates with the development of tongue squamous cell carcinoma.">
		<entity id="s3.e1" charOffset="47-53"
			type="GENE" text="FRMD4A" ontology_id="55691"/>
		<entity id="s3.e2" charOffset="107-130"
			type="HP" text="squamous cell carcinoma" ontology_id="HP_0002860"/>
		<pair id="s3.p1" e1="s3.e1"
		    e2="s3.e2" pgr="false"/>
	</sentence>
</document>
