<?xml version="1.0" encoding="UTF-8"?>
<document id="27744520">
	<sentence id="s1" text="In this study, we employed a siRNA knockdown approach for heparan sulphate (EXT1) and heparan/chondroitin/dermatan sulphate-biosynthetic enzymes (b4GalT7) in the aggressive human breast cancer cell line MDA-MB-231 to study the impact on cell behaviour and hyaluronan biosynthesis.">
		<entity id="s1.e1" charOffset="76-80"
			type="GENE" text="EXT1" ontology_id="2131"/>
		<entity id="s1.e2" charOffset="146-153"
			type="GENE" text="b4GalT7" ontology_id="11285"/>
		<entity id="s1.e3" charOffset="186-192"
			type="HP" text="cancer" ontology_id="HP_0002664"/>
		<entity id="s1.e4" charOffset="227-233"
			type="GENE" text="impact" ontology_id="55364"/>
		<pair id="s1.p1" e1="s1.e1"
		    e2="s1.e3" pgr="true"/>
		<pair id="s1.p2" e1="s1.e2"
		    e2="s1.e3" pgr="false"/>
		<pair id="s1.p3" e1="s1.e3"
		    e2="s1.e4" pgr="false"/>
	</sentence>
</document>
