<?xml version="1.0" encoding="UTF-8"?>
<document id="27745833">
	<sentence id="s1" text="This study establishes PYROXD1 variants as a cause of early-onset myopathy and uses biospecimens and cell lines, yeast, and zebrafish models to elucidate the fundamental role of PYROXD1 in skeletal muscle.">
		<entity id="s1.e1" charOffset="23-30"
			type="GENE" text="PYROXD1" ontology_id="79912"/>
		<entity id="s1.e2" charOffset="66-74"
			type="HP" text="myopathy" ontology_id="HP_0003198"/>
		<pair id="s1.p1" e1="s1.e1"
		    e2="s1.e2" pgr="false"/>
	</sentence>
	<sentence id="s2" text="Zebrafish with ryroxD1 knock-down recapitulate features of PYROXD1 myopathy with sarcomeric disorganization, myofibrillar aggregates, and marked swimming defect.">
		<entity id="s2.e1" charOffset="59-66"
			type="GENE" text="PYROXD1" ontology_id="79912"/>
		<entity id="s2.e2" charOffset="67-75"
			type="HP" text="myopathy" ontology_id="HP_0003198"/>
		<pair id="s2.p1" e1="s2.e1"
		    e2="s2.e2" pgr="false"/>
	</sentence>
</document>
