<?xml version="1.0" encoding="UTF-8"?>
<document id="27799525">
	<sentence id="s1" text="The tumor cells resembled pro-B cells, and were CD19+IgM-IgD-CD93+CD43+CD21-CD23-VpreB+CXCR4+ Consistent with the pro-B-cell stage of B-cell development, microarray analysis revealed enrichment of transcripts, including Rag1, Rag2, CD93, Vpreb1, Vpreb3, and Igll1 We confirmed RAG1 expression in Tg26 tumors, and hypothesized that HIV-1 matrix protein p17 may directly induce RAG1 in B cells.">
		<entity id="s1.e1" charOffset="4-9"
			type="HP" text="tumor" ontology_id="HP_0002664"/>
		<entity id="s1.e2" charOffset="220-224"
			type="GENE" text="Rag1" ontology_id="5896"/>
		<entity id="s1.e3" charOffset="226-230"
			type="GENE" text="Rag2" ontology_id="5897"/>
		<entity id="s1.e4" charOffset="238-244"
			type="GENE" text="Vpreb1" ontology_id="7441"/>
		<entity id="s1.e5" charOffset="246-252"
			type="GENE" text="Vpreb3" ontology_id="29802"/>
		<entity id="s1.e6" charOffset="258-263"
			type="GENE" text="Igll1" ontology_id="3543"/>
		<entity id="s1.e7" charOffset="277-281"
			type="GENE" text="RAG1" ontology_id="5896"/>
		<pair id="s1.p1" e1="s1.e1"
		    e2="s1.e2" pgr="true"/>
		<pair id="s1.p2" e1="s1.e1"
		    e2="s1.e3" pgr="true"/>
		<pair id="s1.p3" e1="s1.e1"
		    e2="s1.e4" pgr="false"/>
		<pair id="s1.p4" e1="s1.e1"
		    e2="s1.e5" pgr="false"/>
		<pair id="s1.p5" e1="s1.e1"
		    e2="s1.e6" pgr="true"/>
		<pair id="s1.p6" e1="s1.e1"
		    e2="s1.e7" pgr="true"/>
	</sentence>
</document>
