<?xml version="1.0" encoding="UTF-8"?>
<document id="27835880">
	<sentence id="s1" text="Oncogenic mutations in the PI3K/AKT pathway are present in nearly half of human tumors.">
		<entity id="s1.e1" charOffset="27-31"
			type="GENE" text="PI3K" ontology_id="5290"/>
		<entity id="s1.e2" charOffset="32-35"
			type="GENE" text="AKT" ontology_id="207"/>
		<entity id="s1.e3" charOffset="80-85"
			type="HP" text="tumor" ontology_id="HP_0002664"/>
		<pair id="s1.p1" e1="s1.e1"
		    e2="s1.e3" pgr="true"/>
		<pair id="s1.p2" e1="s1.e2"
		    e2="s1.e3" pgr="true"/>
	</sentence>
	<sentence id="s2" text="We find that lung squamous cell carcinoma (SQCC), which accounts for ~20% of lung cancer, exhibits increased expression of the PI3K subunit PIK3R2, which is at low expression levels in normal tissues.">
		<entity id="s2.e1" charOffset="18-41"
			type="HP" text="squamous cell carcinoma" ontology_id="HP_0002860"/>
		<entity id="s2.e2" charOffset="82-88"
			type="HP" text="cancer" ontology_id="HP_0002664"/>
		<entity id="s2.e3" charOffset="127-131"
			type="GENE" text="PI3K" ontology_id="5290"/>
		<entity id="s2.e4" charOffset="140-146"
			type="GENE" text="PIK3R2" ontology_id="5296"/>
		<pair id="s2.p1" e1="s2.e1"
		    e2="s2.e3" pgr="false"/>
		<pair id="s2.p2" e1="s2.e1"
		    e2="s2.e4" pgr="false"/>
		<pair id="s2.p3" e1="s2.e2"
		    e2="s2.e3" pgr="true"/>
		<pair id="s2.p4" e1="s2.e5"
		    e2="s2.e2" pgr="false"/>
	</sentence>
	<sentence id="s3" text="We generated tumor xenografts of SQCC cell lines and examined the consequences of targeting PIK3R2 expression.">
		<entity id="s3.e1" charOffset="13-18"
			type="HP" text="tumor" ontology_id="HP_0002664"/>
		<entity id="s3.e2" charOffset="92-98"
			type="GENE" text="PIK3R2" ontology_id="5296"/>
		<pair id="s3.p1" e1="s3.e1"
		    e2="s3.e2" pgr="false"/>
	</sentence>
	<sentence id="s4" text="In tumors with high PIK3R2 expression, and independently of PIK3CA, KRAS, or PTEN mutations, PIK3R2 depletion induced lung SQCC xenograft regression without triggering PI3K/AKT pathway rebound.">
		<entity id="s4.e1" charOffset="3-8"
			type="HP" text="tumor" ontology_id="HP_0002664"/>
		<entity id="s4.e2" charOffset="20-26"
			type="GENE" text="PIK3R2" ontology_id="5296"/>
		<entity id="s4.e3" charOffset="60-66"
			type="GENE" text="PIK3CA" ontology_id="5290"/>
		<entity id="s4.e4" charOffset="68-72"
			type="GENE" text="KRAS" ontology_id="3845"/>
		<entity id="s4.e5" charOffset="168-172"
			type="GENE" text="PI3K" ontology_id="5290"/>
		<entity id="s4.e6" charOffset="173-176"
			type="GENE" text="AKT" ontology_id="207"/>
		<pair id="s4.p1" e1="s4.e1"
		    e2="s4.e5" pgr="true"/>
		<pair id="s4.p2" e1="s4.e1"
		    e2="s4.e6" pgr="true"/>
		<pair id="s4.p3" e1="s4.e1"
		    e2="s4.e2" pgr="false"/>
		<pair id="s4.p4" e1="s4.e1"
		    e2="s4.e3" pgr="true"/>
		<pair id="s4.p5" e1="s4.e1"
		    e2="s4.e4" pgr="true"/>
	</sentence>
</document>
