<?xml version="1.0" encoding="UTF-8"?>
<document id="27878435">
	<sentence id="s1" text="GEMIN4 was independently mutated in families with a syndrome of cataract, global developmental delay with or without renal involvement.">
		<entity id="s1.e1" charOffset="0-6"
			type="GENE" text="GEMIN4" ontology_id="50628"/>
		<entity id="s1.e2" charOffset="64-72"
			type="HP" text="cataract" ontology_id="HP_0000518"/>
		<pair id="s1.p1" e1="s1.e1"
		    e2="s1.e2" pgr="false"/>
	</sentence>
	<sentence id="s2" text="We also highlight a recognizable syndrome that resembles galactosemia (a fulminant infantile liver disease with cataract) caused by biallelic mutations in CYP51A1.">
		<entity id="s2.e1" charOffset="112-120"
			type="HP" text="cataract" ontology_id="HP_0000518"/>
		<entity id="s2.e2" charOffset="155-162"
			type="GENE" text="CYP51A1" ontology_id="1595"/>
		<pair id="s2.p1" e1="s2.e1"
		    e2="s2.e2" pgr="false"/>
	</sentence>
	<sentence id="s3" text="A founder mutation in RIC1 (KIAA1432) was identified in patients with cataract, brain atrophy, microcephaly with or without cleft lip and palate.">
		<entity id="s3.e1" charOffset="22-26"
			type="GENE" text="RIC1" ontology_id="57589"/>
		<entity id="s3.e2" charOffset="70-78"
			type="HP" text="cataract" ontology_id="HP_0000518"/>
		<entity id="s3.e3" charOffset="95-107"
			type="HP" text="microcephaly" ontology_id="HP_0000252"/>
		<entity id="s3.e4" charOffset="124-133"
			type="HP" text="cleft lip" ontology_id="HP_0410030"/>
		<pair id="s3.p1" e1="s3.e1"
		    e2="s3.e2" pgr="false"/>
		<pair id="s3.p2" e1="s3.e1"
		    e2="s3.e3" pgr="false"/>
		<pair id="s3.p3" e1="s3.e1"
		    e2="s3.e4" pgr="false"/>
	</sentence>
	<sentence id="s4" text="For non-syndromic pediatric cataract, we map a novel locus in a multiplex consanguineous family on 4p15.32 where exome sequencing revealed a homozygous truncating mutation in TAPT1.">
		<entity id="s4.e1" charOffset="28-36"
			type="HP" text="cataract" ontology_id="HP_0000518"/>
		<entity id="s4.e2" charOffset="175-180"
			type="GENE" text="TAPT1" ontology_id="202018"/>
		<pair id="s4.p1" e1="s4.e1"
		    e2="s4.e2" pgr="false"/>
	</sentence>
	<sentence id="s5" text="We report two further candidates that are biallelically inactivated each in a single cataract family: TAF1A (cataract with global developmental delay) and WDR87 (non-syndromic cataract).">
		<entity id="s5.e1" charOffset="85-93"
			type="HP" text="cataract" ontology_id="HP_0000518"/>
		<entity id="s5.e2" charOffset="102-107"
			type="GENE" text="TAF1A" ontology_id="9015"/>
		<entity id="s5.e3" charOffset="130-149"
			type="HP" text="developmental delay" ontology_id="HP_0001263"/>
		<entity id="s5.e4" charOffset="155-160"
			type="GENE" text="WDR87" ontology_id="83889"/>
		<pair id="s5.p1" e1="s5.e1"
		    e2="s5.e2" pgr="false"/>
		<pair id="s5.p2" e1="s5.e1"
		    e2="s5.e4" pgr="false"/>
		<pair id="s5.p3" e1="s5.e2"
		    e2="s5.e3" pgr="false"/>
		<pair id="s5.p4" e1="s5.e6"
		    e2="s5.e3" pgr="false"/>
	</sentence>
	<sentence id="s6" text="A founder mutation in RIC1 (KIAA1432) was identified in patients with cataract, brain atrophy, microcephaly with or without cleft lip and palate.">
		<entity id="s6.e1" charOffset="22-26"
			type="GENE" text="RIC1" ontology_id="57589"/>
		<entity id="s6.e2" charOffset="80-93"
			type="HP" text="brain atrophy" ontology_id="HP_0012444"/>
		<pair id="s6.p1" e1="s6.e1"
		    e2="s6.e2" pgr="false"/>
	</sentence>
	<sentence id="s7" text="GEMIN4 was independently mutated in families with a syndrome of cataract, global developmental delay with or without renal involvement.">
		<entity id="s7.e1" charOffset="0-6"
			type="GENE" text="GEMIN4" ontology_id="50628"/>
		<entity id="s7.e2" charOffset="81-100"
			type="HP" text="developmental delay" ontology_id="HP_0001263"/>
		<pair id="s7.p1" e1="s7.e1"
		    e2="s7.e2" pgr="false"/>
	</sentence>
</document>
